,income,age,disability,employment
0,13,77,0,0
1,15,78,0,0
2,7,77,0,0
3,6,62,0,0
4,4,73,0,0
5,4,72,0,0
6,8,80,0,0
7,13,78,0,0
8,13,77,0,0
9,9,74,0,0
10,6,68,0,0
11,6,66,0,0
12,12,63,0,0
13,9,76,0,0
14,5,85,0,0
15,10,69,0,1
16,3,74,0,0
17,8,80,0,0
18,9,85,0,0
19,7,85,0,0
20,14,54,0,0
21,14,55,0,0
22,7,71,0,0
23,4,72,0,0
24,14,72,0,0
25,14,57,0,0
26,4,66,0,0
27,6,73,0,0
28,7,59,0,0
29,7,53,0,0
30,1,75,0,0
31,6,80,0,0
32,8,80,0,0
33,8,80,0,0
34,8,85,0,0
35,8,77,0,0
36,14,63,0,0
37,14,69,0,0
38,13,63,0,1
42,12,77,0,0
43,7,34,0,0
44,13,76,0,0
45,13,74,0,0
46,12,68,0,0
48,3,75,0,0
49,6,67,0,0
50,13,85,0,0
51,8,45,0,0
52,8,51,0,0
53,16,62,0,0
55,6,23,0,0
56,6,64,0,0
57,6,85,0,0
58,15,63,0,0
59,12,79,0,0
60,12,65,0,0
61,6,80,0,0
62,13,65,0,0
63,7,78,0,0
64,7,85,0,0
65,3,71,0,0
66,9,80,0,0
67,14,66,0,1
68,14,59,0,0
69,9,78,0,0
70,7,69,0,0
71,9,66,0,0
72,9,65,0,0
73,5,77,0,0
75,8,68,0,0
76,7,77,0,0
77,11,61,0,0
78,4,80,0,0
79,14,69,0,0
80,14,74,0,0
81,13,72,0,0
82,10,80,0,0
83,9,63,0,0
84,4,70,1,0
85,9,73,0,0
87,5,63,0,0
88,6,61,0,0
89,6,70,0,0
90,12,78,0,0
91,10,66,0,0
92,9,80,0,0
94,14,70,0,0
95,14,57,0,0
97,5,85,0,0
98,4,76,0,0
99,15,64,0,0
100,12,66,0,0
101,8,66,0,0
102,8,62,0,0
103,4,68,0,0
104,4,66,0,0
105,8,63,0,0
106,11,64,0,0
107,15,68,0,0
108,15,85,0,0
109,4,85,0,0
110,7,71,0,0
111,8,80,0,0
112,8,85,0,0
113,5,71,0,0
114,13,79,0,0
115,13,79,0,0
116,15,70,0,0
117,15,65,0,0
118,9,66,0,0
119,9,66,0,0
120,13,80,0,0
121,11,75,0,0
122,11,75,0,0
123,2,79,0,0
124,7,80,0,0
125,7,77,0,0
126,12,73,0,0
127,12,70,0,0
128,7,69,0,0
129,6,53,0,0
130,15,64,0,0
131,9,85,0,0
132,9,79,0,0
133,11,69,0,0
134,15,63,0,0
135,7,85,0,0
136,7,78,0,0
137,8,56,0,0
139,15,80,0,0
140,8,74,0,0
141,8,77,0,0
142,15,78,0,0
143,4,80,0,0
144,4,80,0,0
145,4,85,0,0
146,4,80,0,0
147,12,71,0,0
148,4,76,0,0
149,7,85,0,0
150,4,68,0,0
151,13,76,0,0
152,13,75,0,0
153,8,73,0,0
154,7,74,0,0
155,7,71,0,0
156,1,75,0,0
157,8,80,0,0
158,6,80,0,0
159,14,64,0,1
160,9,67,0,0
161,9,68,0,0
162,13,64,0,0
163,13,66,0,0
164,9,75,0,0
166,5,64,0,0
167,5,64,0,0
168,9,80,0,0
169,6,71,0,0
170,5,63,0,0
171,11,69,0,0
172,7,74,0,0
173,1,60,0,0
174,13,66,0,0
175,13,53,0,0
176,6,71,0,0
177,9,85,0,0
178,8,64,0,0
179,8,57,0,0
180,16,78,0,0
181,16,73,0,0
182,7,75,0,0
183,9,85,0,0
184,12,85,0,0
185,12,85,0,0
186,12,64,0,0
187,6,85,0,0
188,10,74,0,1
189,14,78,0,0
190,14,78,0,0
192,14,54,1,1
193,6,79,0,0
194,6,58,0,0
195,10,72,0,0
196,10,70,0,0
197,8,71,0,0
198,6,80,0,0
199,14,71,0,0
201,15,58,0,1
202,6,85,0,0
203,11,73,0,0
204,15,72,0,0
205,12,68,0,0
206,12,78,0,0
207,11,80,0,0
208,11,85,0,0
209,11,80,0,0
210,11,74,0,0
211,6,80,0,0
212,13,74,0,0
213,13,85,0,0
214,10,73,0,0
215,10,80,0,0
216,8,85,0,0
217,6,85,0,0
218,3,85,0,0
219,13,66,0,0
220,7,79,0,0
221,11,65,0,0
222,11,66,0,0
223,11,70,0,0
224,11,79,0,0
225,9,71,0,0
226,9,75,0,0
227,9,66,0,0
228,10,85,0,0
229,8,76,0,0
230,8,71,0,0
231,7,79,0,0
232,12,73,0,0
233,8,80,0,0
234,14,77,0,0
235,13,67,0,0
236,11,65,0,0
237,11,67,0,0
238,11,78,0,0
239,5,70,0,0
240,12,73,0,0
241,12,70,0,0
242,15,65,0,0
243,12,78,0,0
244,12,80,0,0
245,7,78,0,0
246,15,72,0,0
247,15,54,0,0
248,11,73,0,0
249,11,70,0,0
250,12,70,0,0
251,13,56,0,1
252,12,76,0,0
253,7,64,0,0
254,11,62,0,1
255,14,73,1,0
256,10,77,0,0
257,7,85,0,0
258,7,80,0,0
259,9,85,0,0
260,5,75,0,0
261,5,70,0,0
262,10,76,0,0
263,10,72,0,0
264,13,80,0,0
265,13,80,0,0
266,5,70,0,0
267,13,59,0,0
268,13,80,0,0
269,13,80,0,0
270,15,60,1,0
271,14,64,0,0
272,14,68,0,0
273,15,72,0,0
274,15,72,0,0
275,9,76,0,0
276,9,80,0,0
277,4,80,0,0
278,15,66,0,0
279,15,65,0,0
280,13,78,0,0
281,8,74,0,0
282,14,80,0,0
283,14,63,0,0
284,9,61,0,0
285,10,72,0,0
286,9,61,0,0
287,11,80,0,0
288,16,64,0,0
289,11,77,0,0
290,7,80,0,0
291,16,67,0,0
292,16,65,0,0
293,13,63,0,0
294,11,76,0,0
295,15,64,0,0
296,6,62,0,0
297,12,80,0,0
298,11,85,0,0
299,11,68,0,0
300,9,75,0,0
301,9,52,0,0
303,11,52,1,0
304,6,85,0,0
305,8,80,0,0
306,10,74,0,0
307,10,67,0,0
308,10,74,0,0
309,10,68,0,0
310,13,63,0,0
311,1,78,0,0
312,1,69,0,1
313,6,85,0,0
314,11,85,0,0
315,11,85,0,0
316,10,77,0,0
317,10,73,0,0
318,7,80,0,0
319,12,69,0,0
320,12,71,0,0
321,8,69,0,0
322,6,76,0,0
323,6,68,0,0
324,6,65,0,0
325,12,80,0,0
326,12,80,0,0
327,13,71,0,0
329,15,69,0,0
330,15,71,0,0
331,15,72,0,0
332,15,63,0,0
333,13,76,0,0
334,13,76,0,0
335,12,62,0,0
336,12,60,0,0
337,13,80,0,0
338,12,85,0,0
339,9,85,0,0
340,12,80,0,0
341,12,80,0,0
342,16,72,0,0
343,16,62,0,0
344,13,80,0,0
345,13,78,0,0
346,7,85,0,0
347,13,60,0,0
348,7,55,0,0
349,8,68,0,0
350,8,66,0,0
351,11,66,0,1
352,4,76,0,0
353,12,80,0,0
354,10,66,0,0
355,10,66,0,0
356,7,76,0,0
357,7,79,0,0
358,14,71,0,0
359,9,85,0,0
360,9,85,0,0
361,13,64,0,0
362,11,63,1,0
363,11,76,0,0
364,11,77,0,0
365,5,69,0,0
366,14,77,0,0
367,14,79,0,0
368,15,69,0,0
369,13,70,0,1
370,14,77,0,0
371,13,64,0,0
372,13,67,0,0
373,8,74,0,0
374,10,85,0,0
375,10,85,0,0
376,14,78,0,0
377,13,69,0,0
378,13,69,0,0
379,12,69,0,0
380,3,56,0,0
381,15,67,0,0
382,4,56,0,0
383,3,69,0,0
384,6,63,0,0
385,6,66,0,0
386,6,69,0,0
387,12,68,0,0
388,6,85,0,0
389,12,58,0,0
390,14,67,0,0
391,9,78,0,0
392,9,71,0,0
393,9,75,0,0
394,4,66,0,0
395,4,69,0,0
396,8,79,0,0
397,13,62,0,0
398,13,58,0,0
399,9,85,0,0
400,9,64,0,0
401,4,85,0,0
402,14,70,0,0
403,11,77,0,0
404,11,74,0,0
405,7,75,0,0
406,8,85,0,0
407,11,73,0,0
408,11,71,0,0
409,5,64,0,0
410,14,70,0,0
411,14,63,0,1
412,7,79,0,0
413,14,69,0,0
414,8,85,0,0
415,14,66,0,0
416,14,67,0,0
417,11,65,0,0
418,11,67,0,0
419,11,69,0,0
420,12,73,1,0
421,12,69,1,1
422,12,64,0,0
424,11,60,0,0
425,11,63,0,0
426,6,79,0,0
427,6,79,1,0
428,12,66,0,0
429,12,68,0,0
430,10,79,0,0
431,8,85,0,0
432,8,67,0,0
433,8,65,0,0
434,12,74,0,0
435,12,65,0,0
436,4,78,0,0
437,7,57,0,0
438,16,69,0,0
439,11,64,0,0
440,14,50,0,0
441,13,57,0,0
442,11,73,0,0
443,11,73,0,0
444,15,72,0,0
445,15,69,0,0
446,11,85,0,0
447,11,79,0,0
448,11,65,0,0
449,4,61,1,0
450,6,85,0,0
451,4,80,0,0
452,8,79,0,0
453,8,75,0,0
454,8,67,0,0
455,9,73,0,0
456,11,61,0,0
457,12,51,0,1
458,9,68,0,0
459,9,85,0,0
460,6,80,0,0
461,10,62,0,0
462,14,68,0,0
463,14,65,0,0
464,8,78,1,0
465,13,62,0,1
466,13,72,0,0
467,15,63,0,0
468,16,79,0,0
469,8,85,0,0
470,8,85,0,0
471,6,79,0,0
472,14,85,0,0
473,11,68,0,1
474,11,64,0,0
475,9,71,0,0
476,9,65,0,0
477,12,68,0,0
478,6,63,0,0
479,6,66,0,0
480,8,80,0,0
481,8,74,0,0
482,7,80,0,0
483,6,66,0,0
484,8,60,0,0
485,8,85,0,0
486,13,80,0,0
487,12,70,0,0
488,12,68,0,0
489,3,80,0,0
490,6,62,0,0
491,10,63,0,0
492,5,70,0,0
493,5,74,0,0
494,6,85,0,0
495,14,60,0,0
496,6,85,0,0
497,6,80,0,0
498,14,69,0,0
499,7,74,0,0
500,11,65,0,0
501,15,74,0,1
502,15,85,0,0
503,8,85,0,0
504,8,80,0,0
506,16,54,0,1
507,14,78,0,0
508,10,65,0,0
509,8,78,0,0
510,6,72,0,0
511,14,73,0,0
512,12,72,0,0
513,12,85,0,0
514,11,80,0,0
515,7,80,0,0
516,12,61,0,0
517,12,61,0,0
518,6,80,0,0
519,7,80,0,0
520,13,85,0,0
522,12,73,0,0
523,12,75,0,0
524,4,66,0,0
525,13,80,0,0
526,13,80,0,0
527,8,66,0,0
528,8,71,0,0
529,11,65,1,1
530,11,66,0,0
531,15,74,0,0
532,7,73,0,0
533,2,69,0,0
534,8,80,0,0
535,13,66,0,0
536,15,58,0,0
537,7,85,0,0
538,7,85,0,0
539,12,76,0,0
540,12,85,0,0
541,4,85,0,0
542,15,60,0,1
543,6,80,0,0
544,13,68,0,0
545,9,70,0,0
546,4,85,0,0
547,12,74,0,0
548,12,70,0,0
549,14,80,0,0
550,8,85,0,0
551,7,69,0,0
552,8,72,0,0
553,13,71,0,0
554,13,77,0,0
555,13,75,0,0
556,6,64,0,0
557,11,64,0,0
558,8,71,0,0
559,12,69,0,0
560,11,69,0,0
561,16,60,0,0
562,11,64,0,0
563,12,65,0,0
564,12,73,0,0
565,12,70,0,0
566,12,70,0,0
567,5,72,0,0
568,5,67,0,0
569,6,78,0,0
570,4,74,0,0
571,1,85,0,0
573,11,62,0,0
574,7,80,0,0
575,7,80,0,0
576,4,74,0,0
577,6,56,0,0
578,14,76,0,0
579,1,73,0,0
582,10,80,0,0
583,11,78,0,0
584,11,80,0,0
585,13,64,0,1
586,6,63,0,0
587,3,69,0,0
588,13,77,0,0
594,9,57,0,0
595,7,65,0,0
596,9,67,0,0
597,16,56,0,0
598,6,73,0,1
599,11,69,0,0
601,12,85,0,0
602,12,85,0,0
603,16,69,0,0
604,16,64,0,0
605,9,77,0,0
606,11,65,0,0
607,14,62,0,0
608,10,77,0,0
609,10,80,0,0
610,7,80,0,0
611,7,79,0,0
612,9,66,0,0
613,11,72,0,0
615,6,80,0,0
616,9,69,0,0
617,11,45,0,0
618,11,47,0,0
619,12,72,0,0
620,12,72,0,0
621,7,69,0,0
622,6,52,0,0
623,6,62,0,0
624,6,71,0,0
625,6,65,0,0
626,14,69,0,0
627,12,68,0,0
628,13,65,0,0
629,13,68,0,0
630,4,76,0,0
631,3,58,0,0
632,3,69,0,0
633,5,51,0,0
634,10,69,0,0
635,4,80,0,0
636,13,71,0,0
637,13,72,0,0
638,12,79,0,0
639,4,77,0,0
640,8,80,0,0
641,1,65,0,0
642,13,80,0,0
643,6,85,0,0
644,3,85,0,0
645,7,85,0,0
646,7,85,0,0
647,2,61,0,1
648,2,72,0,0
649,3,67,1,0
650,5,71,0,0
651,7,63,0,0
652,9,74,0,0
653,8,74,0,0
654,9,80,0,0
655,9,59,0,0
656,9,64,0,0
657,14,69,0,0
658,2,49,0,0
659,2,56,0,0
660,6,68,0,0
661,11,55,1,0
662,11,52,0,0
663,7,77,0,0
664,13,85,0,0
665,11,80,0,1
666,1,75,0,0
667,13,54,0,0
668,14,65,0,0
669,14,74,0,0
670,1,80,0,0
672,13,57,0,0
673,12,85,0,0
674,12,79,0,0
675,12,78,0,0
676,5,73,0,0
677,11,66,0,0
678,8,65,0,0
679,5,68,0,0
680,5,53,0,0
681,4,85,0,0
682,7,72,0,0
683,15,55,0,1
684,9,65,0,0
685,8,85,0,0
686,12,85,0,0
687,4,85,0,0
688,11,85,0,0
689,11,75,0,0
690,15,60,0,0
691,7,85,0,0
692,13,68,0,0
693,7,66,0,0
694,7,72,0,0
695,9,61,0,0
696,9,62,0,0
697,2,80,0,0
698,3,75,0,0
699,5,69,0,0
700,8,85,0,0
701,9,73,0,0
702,9,71,0,0
703,13,85,0,0
704,8,80,0,0
705,2,65,0,0
706,7,85,0,0
707,13,80,0,0
708,6,70,0,0
709,2,76,0,0
710,7,80,0,0
711,13,67,0,0
712,13,65,0,0
713,4,45,0,0
714,4,54,0,0
715,14,70,0,0
716,14,74,0,0
717,6,71,0,0
718,4,73,1,0
719,5,80,0,0
720,5,80,0,0
721,8,80,0,0
722,14,65,0,0
723,14,65,0,0
724,10,85,0,0
725,7,68,0,0
726,10,59,0,0
727,11,64,0,0
728,7,76,0,0
729,11,66,0,0
730,5,59,0,0
731,5,85,0,0
732,7,78,0,0
733,7,76,0,0
734,8,85,0,0
735,9,55,0,0
737,11,75,0,0
738,5,80,0,0
739,5,78,0,0
740,8,76,0,0
741,2,85,0,0
742,12,68,0,0
743,11,56,0,0
744,11,58,0,0
745,10,73,0,0
746,6,80,0,0
747,8,73,0,0
748,16,77,0,0
749,16,85,0,0
750,11,71,0,0
751,11,66,0,0
752,14,61,0,0
753,11,80,0,0
754,11,77,0,0
755,5,85,0,0
756,12,65,0,0
757,12,65,0,0
758,6,80,0,0
759,11,80,0,0
760,11,80,0,0
761,6,80,0,0
762,5,73,0,0
763,6,80,0,0
764,6,80,0,0
765,7,85,0,0
766,15,69,0,0
767,3,65,0,0
768,5,80,0,0
769,11,76,0,0
770,11,73,0,0
771,3,85,0,0
772,10,79,0,0
773,9,72,0,0
774,9,68,0,0
775,5,80,0,0
776,8,73,0,0
777,8,73,0,0
778,3,80,0,0
780,4,78,0,0
781,7,59,0,0
782,4,79,0,0
783,4,77,0,0
784,12,76,0,0
785,12,73,0,0
786,12,79,0,0
787,8,65,0,1
788,8,70,0,0
789,14,62,0,1
790,7,80,0,0
791,13,80,0,0
792,12,74,0,0
793,12,74,0,0
794,7,19,0,0
795,6,19,0,0
796,8,79,0,0
797,1,64,0,0
798,11,80,0,0
799,2,51,0,0
800,7,71,0,0
801,9,69,0,0
802,8,76,0,0
803,8,67,0,0
804,8,66,0,0
805,15,65,0,0
806,15,62,0,0
807,11,61,0,0
808,12,85,0,0
809,12,85,0,0
810,11,80,0,0
811,11,80,0,0
812,7,79,0,0
813,7,79,0,0
814,16,68,0,0
815,16,72,0,0
816,14,85,0,0
817,9,80,0,0
818,9,85,0,0
819,5,76,0,0
820,15,55,0,0
821,14,69,0,0
822,14,66,0,0
823,14,50,0,0
824,13,40,0,0
825,13,35,0,0
826,15,73,0,0
827,11,80,0,0
828,2,79,0,0
829,12,65,0,0
830,14,66,0,0
831,14,66,0,0
832,14,77,0,0
833,14,80,0,0
834,14,80,0,0
835,14,77,0,0
836,7,69,0,0
837,7,56,0,0
838,5,80,0,0
840,12,79,0,0
841,15,60,0,0
842,10,60,0,0
843,6,76,0,0
844,11,58,0,0
845,12,65,0,0
846,13,70,0,0
847,13,74,0,0
848,12,64,0,0
849,13,71,0,0
850,13,70,0,0
851,13,77,0,0
852,13,80,0,0
853,14,67,0,0
854,7,85,0,0
855,7,80,0,0
856,10,68,0,0
857,10,66,0,0
858,14,61,0,0
859,14,71,0,0
860,16,71,0,0
861,4,80,0,0
862,15,80,0,0
863,14,80,0,0
864,14,78,0,0
865,8,85,0,0
866,12,76,0,0
867,12,79,0,0
868,4,73,0,0
869,4,74,0,0
870,6,85,0,0
871,6,80,0,0
872,5,69,0,0
873,3,67,0,0
874,5,76,0,0
875,15,80,0,0
876,15,80,0,0
877,15,80,0,0
878,15,80,0,0
879,15,85,0,0
880,14,73,0,0
881,7,78,0,0
882,7,23,0,0
883,7,85,0,0
884,16,79,0,0
885,7,85,0,0
886,10,71,0,1
887,10,71,0,0
888,6,79,0,0
889,6,80,0,0
890,6,77,0,0
891,3,76,0,0
892,3,75,0,0
893,7,85,0,0
894,9,77,0,0
895,9,80,0,0
896,13,71,0,0
897,13,68,0,0
899,3,85,0,0
900,11,65,0,0
901,11,63,0,0
902,2,71,0,0
903,9,79,0,0
904,9,80,0,0
905,9,66,0,0
906,13,64,0,0
907,5,80,0,0
908,5,85,0,0
909,16,85,0,0
910,7,80,0,0
911,13,62,0,0
912,13,56,0,0
913,10,68,0,0
914,10,74,0,0
915,13,80,0,0
916,9,55,0,0
917,9,48,0,0
918,9,67,0,0
919,7,61,0,0
921,3,85,0,0
922,10,85,0,0
923,10,85,0,0
924,13,76,0,0
925,13,72,0,0
926,14,65,0,0
927,14,72,0,0
928,15,80,0,0
929,15,78,0,0
930,7,75,0,0
931,5,85,0,0
932,15,74,0,0
933,12,80,0,0
934,12,71,0,0
935,2,85,0,0
936,3,85,0,0
937,6,85,0,0
938,8,85,0,0
939,7,59,0,0
940,14,65,0,0
941,12,70,0,0
942,3,74,0,0
943,13,77,0,0
944,7,80,0,0
945,14,65,0,0
946,14,65,0,0
947,7,43,0,0
948,4,59,0,0
949,11,56,0,0
950,13,70,0,0
951,13,70,0,0
952,8,85,0,0
953,11,80,0,0
954,11,77,0,0
956,5,78,0,0
957,11,80,0,0
958,11,80,0,0
959,4,85,0,0
960,7,85,0,0
961,7,80,0,0
962,13,58,0,0
963,14,69,0,0
964,14,75,0,0
965,9,80,0,0
966,16,69,0,0
967,16,65,0,0
968,12,76,0,0
969,12,62,0,0
970,14,69,0,0
971,11,73,0,0
972,12,77,0,0
973,15,69,0,0
974,15,70,0,0
975,6,80,0,0
976,16,70,0,0
977,6,62,0,0
978,9,85,0,0
980,14,80,0,0
981,14,79,0,0
982,10,56,0,0
983,10,69,0,0
984,14,72,0,0
985,14,76,0,0
986,13,85,0,0
987,13,85,0,0
988,13,65,0,1
989,15,65,0,0
990,15,65,0,0
991,8,85,0,0
992,11,85,0,0
994,6,85,0,0
995,14,68,0,0
996,14,68,0,0
997,7,71,0,0
998,11,57,0,0
999,13,71,0,0
1000,13,59,0,0
1001,11,65,0,0
1002,11,65,0,0
1003,8,79,0,0
1004,8,78,0,0
1005,8,56,0,0
1006,8,55,0,0
1007,5,65,0,0
1008,5,74,0,0
1009,14,65,0,0
1010,8,80,0,0
1011,8,80,0,0
1012,6,75,0,0
1013,6,79,0,0
1014,5,80,0,0
1015,12,72,0,0
1016,8,72,0,0
1017,16,64,0,1
1018,16,63,0,0
1019,10,68,0,0
1020,10,80,0,0
1021,5,80,0,0
1022,5,71,0,0
1023,11,63,0,0
1024,11,63,0,0
1025,11,60,0,0
1026,15,72,0,0
1027,2,78,0,0
1028,7,69,0,0
1029,9,73,0,0
1030,12,67,0,0
1031,7,80,0,0
1032,7,80,0,0
1033,13,64,0,0
1034,10,85,0,0
1035,4,69,0,0
1036,7,80,0,0
1037,7,80,0,0
1039,11,70,0,0
1040,10,61,0,1
1041,10,61,0,1
1042,9,80,0,0
1043,5,80,0,0
1044,7,85,0,0
1045,7,85,0,0
1046,15,85,0,0
1047,15,80,0,0
1048,7,85,0,0
1049,3,68,0,0
1050,6,61,0,0
1051,12,76,0,0
1052,12,77,0,0
1053,5,75,0,0
1054,6,66,0,0
1055,6,69,0,0
1056,4,73,0,0
1057,13,65,0,0
1058,4,77,0,0
1059,4,75,0,0
1060,4,85,0,0
1061,4,74,0,0
1063,6,85,0,0
1064,5,75,0,0
1065,5,80,0,0
1066,8,79,0,0
1067,6,73,0,0
1068,3,66,0,0
1069,10,74,0,0
1070,10,74,0,0
1072,14,85,0,0
1073,11,85,0,0
1074,6,80,0,0
1075,4,73,0,0
1076,8,69,0,0
1077,8,69,0,0
1078,7,79,0,0
1079,7,79,0,0
1080,6,85,0,0
1081,6,85,0,0
1082,10,85,0,0
1083,10,85,0,0
1084,10,64,0,0
1085,11,80,0,0
1086,11,69,0,0
1087,11,69,0,0
1088,15,67,0,0
1089,10,80,0,0
1090,10,80,0,0
1091,5,80,0,0
1092,7,75,0,0
1093,7,73,0,0
1094,5,79,0,0
1095,4,80,0,0
1096,5,85,0,0
1097,5,64,0,0
1098,5,60,0,0
1099,13,79,0,0
1100,13,78,0,0
1101,11,85,0,0
1102,11,85,0,0
1103,9,65,0,1
1104,9,72,0,0
1105,5,22,0,0
1106,15,59,0,0
1107,4,80,0,0
1108,4,79,0,0
1109,3,76,0,0
1110,3,67,0,0
1111,7,80,0,0
1112,7,80,0,0
1113,14,67,0,0
1114,14,70,0,0
1115,11,85,0,0
1116,3,69,1,1
1117,14,78,0,0
1118,6,56,0,0
1119,8,67,0,0
1121,14,67,0,0
1122,7,85,0,0
1123,8,62,0,0
1124,12,70,0,0
1125,6,37,0,0
1128,11,73,0,0
1129,6,80,0,0
1130,6,77,0,0
1131,1,71,0,0
1132,5,74,0,0
1133,13,65,0,0
1134,3,80,1,0
1135,3,85,0,0
1136,5,80,0,0
1137,13,85,0,0
1138,13,74,1,0
1139,14,68,0,0
1140,14,69,0,0
1141,8,78,0,0
1142,8,74,0,0
1143,5,74,0,0
1144,5,65,0,0
1145,3,80,0,0
1146,14,73,0,0
1147,5,66,0,0
1148,7,85,0,0
1149,10,72,0,0
1150,14,69,0,0
1151,14,71,0,0
1152,14,77,0,0
1153,14,75,0,0
1154,14,77,0,0
1155,14,77,0,0
1156,13,74,0,0
1157,14,72,0,0
1158,14,76,0,0
1159,8,65,0,0
1160,9,69,0,0
1161,9,73,0,0
1162,15,61,0,1
1163,8,80,0,0
1164,9,61,0,0
1165,7,75,0,0
1166,7,72,0,0
1167,1,80,0,0
1168,13,68,0,0
1169,13,64,0,0
1170,3,85,0,0
1171,8,61,0,0
1172,14,78,0,0
1173,6,50,0,0
1174,2,59,0,0
1175,10,67,0,0
1176,10,67,0,0
1177,12,45,0,0
1178,8,66,0,0
1179,2,85,0,0
1180,10,85,0,0
1181,8,69,0,0
1182,10,85,0,0
1183,16,67,0,0
1184,16,66,0,0
1185,12,69,0,0
1186,13,67,0,0
1187,12,66,0,0
1188,4,85,0,0
1189,7,72,0,0
1190,9,70,0,0
1191,8,74,0,0
1192,4,64,0,0
1193,13,76,0,0
1194,13,74,0,0
1195,12,80,0,0
1196,9,85,0,0
1197,8,85,0,0
1198,8,80,0,0
1199,11,68,0,0
1200,11,68,0,0
1201,4,76,0,0
1202,4,80,0,0
1203,6,80,0,0
1204,6,80,0,0
1205,13,73,0,0
1206,6,85,0,0
1207,11,85,0,0
1208,16,70,0,0
1209,16,67,0,1
1210,4,70,0,0
1211,8,71,0,0
1212,8,69,0,0
1213,4,79,0,0
1214,16,74,0,0
1215,15,70,0,0
1216,6,68,0,0
1217,6,74,0,0
1218,12,74,0,0
1219,9,76,0,0
1220,9,74,0,0
1221,8,80,0,0
1222,11,68,0,0
1223,9,80,0,0
1224,12,70,0,0
1225,11,80,0,0
1226,11,80,0,0
1227,4,62,0,0
1228,6,77,0,0
1229,7,80,0,0
1230,11,78,0,0
1231,7,85,0,0
1232,6,85,0,0
1233,3,78,0,0
1235,13,59,0,0
1236,9,73,0,0
1237,9,70,0,0
1238,5,59,0,0
1239,5,62,0,0
1240,7,80,0,0
1241,13,75,0,0
1242,13,78,0,0
1243,8,69,0,0
1244,9,68,0,0
1245,9,67,0,0
1246,14,58,0,1
1247,11,63,0,0
1248,15,69,0,0
1249,15,63,0,0
1251,8,62,0,0
1252,5,80,0,0
1253,12,63,0,1
1254,15,58,0,0
1256,10,64,0,0
1257,3,80,0,0
1258,7,68,0,0
1259,7,62,0,0
1260,16,64,0,0
1261,13,57,0,0
1262,16,63,0,0
1263,13,59,0,0
1264,13,59,0,0
1265,14,67,0,0
1266,13,79,0,0
1267,13,80,0,0
1268,8,85,0,0
1269,8,85,0,0
1270,12,64,0,0
1271,7,67,0,0
1272,6,78,0,0
1273,6,77,0,0
1274,15,65,0,0
1275,15,62,0,1
1276,2,80,0,0
1277,13,69,0,0
1278,13,61,0,0
1279,16,57,0,0
1280,8,64,0,0
1281,14,76,0,0
1282,14,67,0,0
1283,13,71,0,0
1284,10,64,0,0
1285,6,85,0,0
1286,6,72,0,0
1287,5,69,0,0
1288,15,55,0,0
1289,15,54,0,0
1290,6,80,0,0
1291,8,78,0,0
1292,8,66,0,1
1293,11,85,0,0
1294,11,79,0,0
1295,16,66,0,0
1296,16,64,0,0
1297,7,80,0,0
1298,9,80,1,0
1299,11,76,0,0
1300,11,72,0,0
1301,1,63,0,0
1302,15,67,0,1
1303,15,63,0,0
1304,13,69,0,0
1305,9,80,0,0
1306,9,80,0,0
1307,15,66,0,0
1308,11,85,0,0
1309,11,79,0,0
1310,6,80,0,0
1311,14,85,0,0
1312,13,80,0,0
1313,13,80,0,0
1314,14,68,0,0
1315,7,80,0,0
1316,7,77,0,0
1317,13,77,0,0
1318,5,73,0,0
1319,5,73,0,0
1320,13,79,0,0
1321,13,74,0,0
1322,7,67,0,0
1323,7,85,0,0
1324,12,69,0,0
1325,12,77,0,0
1326,5,70,0,0
1327,3,85,0,1
1328,10,80,0,0
1329,11,63,0,0
1330,11,63,0,0
1331,12,85,0,0
1332,12,65,0,0
1333,12,64,0,0
1334,4,85,0,0
1335,13,85,0,0
1336,13,85,0,0
1337,9,79,0,0
1339,11,80,0,0
1340,13,75,0,1
1341,14,75,0,0
1342,14,75,0,0
1343,3,68,0,0
1344,13,76,0,0
1345,13,60,0,1
1346,15,55,0,1
1347,14,69,0,0
1348,14,68,0,0
1349,7,72,0,0
1350,7,69,0,0
1351,9,65,1,0
1352,6,76,0,0
1354,8,80,0,0
1355,8,80,0,0
1356,6,70,0,0
1357,6,70,0,0
1358,15,58,0,0
1359,3,80,0,0
1361,8,56,0,0
1362,4,80,0,0
1363,4,72,0,0
1364,4,80,0,0
1365,4,80,0,0
1366,12,61,1,0
1367,8,79,0,0
1368,8,77,0,0
1369,6,85,0,0
1370,11,71,0,0
1371,11,62,0,0
1372,7,76,1,0
1373,9,85,0,0
1374,8,78,0,0
1375,8,80,0,0
1376,16,72,0,0
1377,6,85,0,0
1378,7,63,0,0
1379,7,76,0,0
1380,9,80,0,1
1381,12,57,0,0
1382,3,78,0,0
1383,9,72,0,0
1384,9,71,0,0
1385,14,67,0,0
1386,12,85,0,0
1387,9,73,0,0
1388,9,79,0,0
1389,5,85,0,0
1390,14,79,0,0
1391,11,64,1,0
1392,13,62,0,0
1393,2,85,0,0
1394,2,85,0,0
1395,11,76,0,0
1396,11,73,0,0
1397,13,78,0,0
1398,15,66,0,0
1399,10,74,0,0
1400,15,77,0,0
1401,15,76,0,0
1402,14,65,0,0
1403,4,80,0,0
1404,16,60,0,0
1405,16,58,0,0
1406,13,71,0,0
1407,13,71,0,0
1408,13,72,0,0
1409,16,58,0,0
1410,13,74,0,1
1411,13,74,0,0
1412,10,67,0,0
1413,12,63,0,1
1414,2,66,0,0
1415,3,85,1,0
1416,10,80,0,0
1417,7,66,0,0
1418,7,66,0,0
1419,16,60,0,0
1420,14,53,0,0
1421,8,80,0,0
1422,15,68,0,0
1423,15,74,0,0
1424,10,75,0,0
1425,8,65,0,0
1426,8,72,0,0
1427,6,70,0,0
1428,6,65,0,0
1429,15,70,0,0
1430,4,71,0,0
1431,8,64,0,1
1432,14,61,0,0
1433,7,70,1,0
1434,7,75,0,0
1435,7,72,0,0
1436,9,79,0,0
1437,3,67,0,0
1438,12,66,0,0
1439,12,64,0,0
1440,4,74,0,0
1441,7,85,0,0
1442,6,72,0,0
1443,6,72,0,0
1444,15,59,0,0
1445,12,68,0,0
1446,12,68,0,0
1447,13,66,0,0
1448,9,68,0,0
1449,9,63,0,0
1450,15,69,0,0
1451,15,61,0,0
1452,13,79,0,0
1453,13,67,0,0
1454,7,74,0,0
1457,10,64,0,0
1458,10,67,0,0
1459,10,67,0,0
1460,8,72,0,0
1461,6,85,1,0
1462,4,85,0,0
1463,4,67,0,0
1464,4,85,0,0
1465,6,85,0,0
1466,4,66,0,0
1467,4,66,0,0
1468,12,74,0,0
1469,12,73,0,0
1470,16,65,0,1
1471,5,80,0,0
1472,6,64,0,0
1473,15,63,0,0
1474,15,63,0,0
1475,12,68,0,0
1476,2,72,0,0
1477,8,80,0,0
1478,6,85,0,0
1479,16,85,0,0
1480,5,79,0,0
1481,5,79,0,0
1482,11,62,0,0
1483,7,59,0,0
1484,5,73,0,0
1485,14,66,1,0
1486,15,63,0,0
1487,15,57,0,0
1488,4,69,0,0
1489,4,69,0,0
1490,9,70,0,0
1491,9,68,0,0
1492,13,60,0,0
1493,5,85,0,0
1494,7,80,0,0
1495,8,79,0,0
1496,8,74,0,0
1497,13,53,0,0
1498,9,59,0,0
1499,9,59,1,0
1500,12,72,0,0
1501,12,63,0,0
1502,7,80,0,0
1503,7,80,0,0
1504,6,63,1,0
1505,5,64,0,0
1507,14,60,0,0
1508,1,80,0,0
1509,15,64,0,0
1510,16,71,0,0
1511,16,67,0,0
1512,11,67,0,0
1513,11,69,0,0
1514,12,71,0,0
1515,12,67,0,0
1516,9,80,0,0
1517,14,60,0,0
1518,8,85,0,0
1519,7,71,0,0
1520,7,71,0,0
1521,5,66,0,0
1522,5,69,0,0
1523,9,69,0,0
1524,14,78,0,0
1525,12,65,0,0
1526,12,74,0,0
1527,12,71,0,0
1528,16,52,0,0
1529,6,73,1,0
1530,8,78,0,0
1531,12,65,1,0
1532,13,66,0,0
1533,11,77,0,0
1534,11,77,0,0
1535,8,73,0,0
1537,2,85,0,0
1538,2,85,0,0
1539,15,65,0,0
1540,8,72,0,1
1541,11,67,0,1
1542,14,85,0,0
1543,16,62,0,0
1544,6,73,0,0
1546,4,85,0,0
1547,2,85,0,0
1548,3,76,0,0
1549,3,64,0,0
1550,9,80,0,0
1551,15,51,0,1
1552,8,65,0,0
1553,15,68,0,0
1554,15,72,0,0
1555,10,63,0,0
1556,10,80,0,0
1557,13,75,0,0
1558,13,66,0,0
1559,11,71,0,0
1560,11,70,0,0
1561,8,62,0,0
1562,8,65,0,0
1563,9,72,0,0
1564,8,70,0,0
1565,10,80,0,0
1566,9,64,0,0
1567,3,63,0,0
1568,9,69,0,0
1569,9,69,0,0
1570,10,71,0,0
1571,10,68,0,0
1572,13,57,0,1
1573,7,85,0,0
1574,8,68,0,0
1575,9,74,0,1
1576,9,76,0,0
1577,7,69,0,0
1578,7,70,0,0
1579,8,78,0,0
1580,8,80,0,0
1581,12,80,0,0
1582,12,79,0,0
1583,4,68,0,0
1584,14,70,0,0
1585,12,69,0,0
1586,12,85,0,0
1587,12,64,0,0
1588,9,64,0,1
1589,4,74,0,0
1590,11,72,0,0
1591,11,70,0,0
1592,12,56,0,0
1593,16,56,0,0
1594,13,72,0,0
1595,13,71,0,0
1596,14,85,0,0
1597,14,80,0,0
1598,8,65,0,0
1599,10,80,0,0
1600,10,80,0,0
1601,10,80,0,0
1602,10,80,0,0
1603,4,70,0,0
1604,4,80,0,0
1605,12,85,0,0
1606,5,61,0,0
1607,8,61,0,0
1608,8,65,0,0
1609,10,80,0,0
1610,10,72,0,0
1611,7,77,0,0
1612,7,78,0,0
1613,8,77,0,0
1614,8,77,0,0
1615,7,71,0,0
1616,7,71,0,0
1617,1,80,0,0
1618,8,65,0,0
1619,13,80,0,0
1620,13,78,0,0
1621,16,71,0,0
1623,12,69,0,0
1624,12,78,0,0
1625,9,71,0,0
1626,15,68,0,0
1627,6,67,0,0
1628,13,61,0,0
1629,12,80,0,0
1630,12,80,0,0
1631,10,85,0,0
1632,10,85,0,0
1635,6,75,0,0
1636,6,75,0,0
1637,3,85,0,0
1639,12,85,0,0
1640,10,66,0,0
1641,11,80,0,0
1642,4,70,0,0
1643,4,69,0,0
1645,6,80,0,0
1646,15,61,0,0
1647,11,75,0,0
1648,9,78,0,0
1650,9,80,0,0
1651,16,65,0,0
1652,3,68,0,0
1653,12,68,0,0
1654,13,67,0,0
1655,14,80,0,0
1658,8,62,0,0
1659,6,69,1,1
1660,9,72,0,0
1661,9,80,0,0
1662,14,57,0,0
1663,8,80,0,0
1664,13,58,0,0
1665,13,59,0,0
1666,4,85,0,0
1667,13,75,0,0
1668,10,75,0,0
1669,8,85,0,0
1670,12,85,0,0
1671,7,80,0,0
1672,12,80,0,0
1673,10,66,0,0
1674,12,70,0,0
1675,2,79,0,0
1676,5,77,0,0
1677,13,80,0,0
1678,6,85,0,0
1679,5,85,0,0
1680,14,64,0,1
1681,13,80,0,0
1682,9,69,0,0
1683,14,58,0,0
1684,6,85,0,0
1685,3,60,0,0
1686,3,78,0,0
1688,12,80,0,0
1689,4,67,0,0
1690,11,70,0,0
1691,9,85,0,0
1692,7,63,0,0
1693,16,59,0,0
1694,11,80,0,0
1695,5,80,0,0
1696,6,69,0,0
1697,6,71,0,0
1698,7,85,0,0
1699,7,85,0,0
1700,10,64,0,0
1701,10,80,0,0
1702,10,73,0,0
1703,10,53,0,0
1704,4,85,0,0
1705,10,68,0,0
1706,7,74,0,0
1707,7,70,0,0
1708,9,85,0,0
1709,8,74,0,0
1710,8,69,0,0
1711,9,69,0,0
1712,9,71,0,0
1713,4,85,0,0
1714,9,68,0,0
1715,9,70,0,0
1716,6,80,0,0
1717,6,85,0,0
1718,11,85,0,0
1719,11,80,0,0
1720,9,70,0,0
1721,9,69,0,0
1722,7,80,0,0
1723,3,85,0,0
1724,11,45,0,0
1725,11,45,0,0
1726,16,64,0,0
1727,1,59,0,0
1728,16,61,0,1
1729,3,79,0,0
1730,7,36,0,0
1731,9,80,0,0
1732,1,74,0,0
1733,9,63,0,0
1734,9,71,0,0
1735,6,85,0,0
1736,9,76,1,1
1737,16,65,0,0
1738,14,63,0,0
1739,15,71,0,0
1740,11,59,0,0
1741,6,63,0,0
1742,8,53,0,0
1743,6,80,0,0
1744,11,79,0,0
1745,11,80,0,0
1746,14,85,0,0
1747,14,76,0,0
1748,8,58,1,0
1749,10,85,0,0
1750,11,80,0,0
1751,11,80,0,0
1752,11,80,0,0
1753,10,85,0,0
1754,7,65,0,0
1755,10,62,0,0
1756,10,85,0,0
1757,3,75,0,0
1758,8,85,0,0
1759,3,85,0,0
1760,10,85,0,0
1761,10,85,0,0
1762,15,73,0,0
1763,15,73,0,0
1764,15,71,0,0
1765,7,65,0,0
1766,7,73,0,0
1767,12,67,0,0
1768,10,74,0,0
1769,5,77,0,0
1770,2,68,0,0
1771,7,56,0,0
1772,9,77,0,0
1778,11,72,0,0
1779,9,67,0,0
1780,11,76,0,0
1781,11,80,0,0
1782,9,56,0,0
1783,13,65,0,0
1784,13,64,0,0
1785,10,85,0,0
1786,9,69,0,0
1787,9,68,0,0
1788,9,69,0,0
1789,12,70,0,0
1791,11,80,0,0
1792,15,70,0,0
1793,11,85,0,0
1795,11,76,0,0
1796,11,74,0,0
1797,8,63,0,0
1798,6,80,0,0
1799,9,76,0,0
1800,4,80,0,0
1801,4,80,0,0
1802,7,75,0,0
1803,15,79,0,0
1804,13,73,0,0
1805,13,75,0,0
1806,6,80,0,0
1807,9,57,0,0
1808,14,56,0,1
1809,14,53,0,0
1810,12,85,0,0
1811,9,80,0,0
1812,5,80,0,0
1813,9,80,0,0
1814,6,85,0,0
1815,6,77,0,0
1816,6,85,0,0
1817,5,85,0,0
1818,7,71,0,1
1819,7,85,0,0
1820,5,75,0,0
1821,12,66,0,0
1822,13,64,0,0
1823,11,66,0,0
1824,4,85,0,0
1825,12,65,0,0
1826,15,61,0,1
1827,2,80,0,0
1828,9,85,0,0
1829,7,71,0,0
1830,9,62,0,0
1831,9,76,0,0
1832,6,60,0,0
1833,6,52,0,0
1834,7,80,0,0
1835,7,75,0,0
1836,14,70,0,0
1837,14,69,0,0
1838,6,57,0,1
1839,11,67,0,0
1840,10,85,0,0
1841,4,85,0,0
1842,10,85,0,0
1844,8,62,0,0
1845,8,64,0,0
1846,8,56,0,0
1847,4,73,0,0
1848,2,66,0,0
1849,15,58,1,0
1850,11,69,0,0
1851,11,63,0,0
1852,7,85,0,0
1853,7,66,0,0
1854,12,71,0,0
1855,14,68,0,0
1856,13,76,0,0
1857,13,70,0,0
1858,9,79,0,0
1859,15,69,0,1
1860,4,85,0,0
1861,4,80,0,0
1862,4,60,0,0
1863,3,75,0,0
1864,9,66,0,0
1865,5,76,0,0
1866,12,77,0,0
1868,12,85,0,0
1869,12,80,0,0
1870,13,80,0,0
1871,13,80,0,0
1872,12,80,0,0
1873,4,77,0,0
1874,8,60,0,0
1876,13,69,0,0
1877,5,79,0,1
1878,11,70,0,0
1879,6,79,0,0
1880,11,61,0,0
1881,11,62,0,0
1882,9,64,0,0
1883,5,70,0,0
1884,9,65,0,0
1885,9,85,0,0
1886,7,85,0,0
1887,11,59,0,0
1888,12,80,0,0
1889,12,80,0,0
1890,4,85,0,0
1891,4,85,0,0
1892,10,85,0,0
1893,11,66,0,0
1894,11,75,0,0
1895,10,67,0,0
1896,5,85,0,0
1897,11,71,0,1
1899,10,72,0,0
1900,8,77,0,0
1901,11,66,0,0
1902,11,64,0,1
1903,10,80,0,0
1904,10,70,0,0
1905,13,70,0,0
1906,13,73,0,0
1907,8,76,0,0
1909,6,80,0,0
1910,4,80,0,0
1911,13,53,0,0
1912,13,50,0,0
1913,7,85,0,0
1914,7,85,0,0
1915,11,67,0,0
1916,5,77,0,0
1917,5,71,0,0
1918,12,78,0,0
1919,12,73,0,0
1920,10,55,0,0
1921,11,65,0,0
1922,13,80,0,0
1923,10,85,0,0
1924,9,69,0,0
1925,9,62,0,0
1926,13,33,0,0
1927,13,32,0,0
1928,10,80,0,0
1929,11,80,0,0
1930,3,67,0,0
1931,10,65,0,0
1932,13,55,0,0
1933,7,80,0,0
1934,11,72,0,0
1935,11,78,0,0
1936,10,79,0,0
1937,12,79,0,0
1938,8,85,0,0
1939,8,85,0,0
1940,8,75,0,0
1941,8,80,0,0
1942,14,71,0,0
1943,14,69,0,0
1944,9,77,0,0
1945,9,80,0,0
1946,9,85,0,0
1947,7,85,0,0
1948,6,80,0,0
1949,10,75,0,0
1950,10,73,0,0
1951,16,76,0,0
1952,16,74,0,0
1953,7,80,0,0
1954,7,73,0,0
1955,7,58,0,0
1956,10,80,0,0
1957,10,85,0,0
1958,12,85,0,0
1961,16,68,0,0
1962,16,85,0,0
1963,9,75,0,0
1964,9,75,0,0
1965,8,71,0,0
1966,8,73,0,0
1967,13,65,0,0
1969,13,77,0,0
1970,13,71,0,0
1971,5,75,0,0
1972,5,74,0,0
1973,8,85,0,0
1974,8,73,0,0
1975,16,85,0,0
1976,16,85,0,0
1977,16,85,0,0
1978,14,69,0,0
1979,14,67,0,1
1980,3,75,0,0
1981,4,74,0,0
1982,14,66,0,0
1983,14,68,0,0
1984,10,76,0,0
1985,10,74,0,0
1986,16,61,0,0
1987,4,72,0,0
1988,15,85,0,0
1989,9,71,0,0
1990,9,75,0,0
1991,6,74,0,0
1993,13,78,0,0
1994,8,80,0,0
1995,5,85,0,0
1996,5,74,0,0
1998,4,55,0,0
1999,11,55,0,0
2000,14,80,0,0
2001,14,67,0,0
2002,8,63,0,0
2003,6,85,0,0
2004,3,79,0,0
2005,6,80,0,0
2006,9,66,0,0
2007,12,58,0,1
2008,12,60,0,0
2009,10,74,0,1
2010,16,67,0,1
2011,6,80,0,0
2012,7,77,0,0
2013,7,85,0,0
2014,4,80,0,0
2015,5,80,0,0
2017,4,85,0,0
2018,6,71,0,0
2019,7,77,0,0
2020,15,85,0,0
2021,15,80,0,0
2022,11,65,0,0
2023,11,75,0,0
2024,8,70,0,0
2025,8,70,0,0
2026,15,66,0,0
2027,15,66,0,0
2028,13,74,0,0
2029,13,69,0,0
2031,6,73,0,0
2032,16,50,0,0
2033,12,64,0,0
2034,14,69,0,0
2035,14,74,0,0
2037,10,61,0,0
2038,10,61,0,0
2039,11,73,0,0
2040,11,74,0,0
2041,8,74,0,0
2042,9,80,0,0
2043,9,75,0,0
2044,11,85,0,0
2045,1,59,0,0
2046,8,74,0,0
2047,14,80,0,0
2048,8,80,0,0
2049,8,78,0,0
2050,13,68,0,0
2051,13,68,0,0
2052,12,73,0,0
2053,6,70,0,0
2054,13,67,0,0
2055,13,66,0,0
2056,3,78,0,0
2057,8,67,0,0
2058,13,66,0,0
2059,13,85,0,0
2060,13,85,0,0
2061,13,80,0,0
2062,11,80,0,0
2063,11,80,0,0
2064,6,85,0,0
2065,11,66,0,0
2066,15,64,0,0
2067,15,54,0,0
2068,7,85,0,0
2069,10,85,0,0
2070,7,85,0,0
2071,6,64,0,0
2072,13,70,0,0
2073,13,68,0,0
2074,6,69,0,0
2075,6,63,0,0
2076,13,75,0,0
2077,13,78,0,0
2078,6,57,0,0
2079,10,73,0,0
2080,10,69,0,0
2081,11,85,0,1
2082,13,55,0,0
2083,15,61,0,1
2084,3,78,0,0
2085,8,52,0,0
2086,7,60,0,0
2087,10,72,0,0
2088,6,70,1,0
2089,7,85,0,0
2090,10,80,0,0
2091,10,85,0,0
2092,4,80,0,0
2093,4,85,0,0
2094,12,67,0,0
2095,4,74,0,0
2096,15,68,0,0
2097,14,72,0,0
2098,14,76,0,0
2099,16,66,0,0
2100,16,65,0,0
2101,14,56,0,0
2102,7,79,0,0
2103,7,76,0,0
2104,14,63,0,0
2105,9,80,0,0
2106,12,85,0,0
2107,10,80,0,0
2108,10,80,0,0
2109,8,62,0,0
2111,6,85,0,0
2112,9,66,0,0
2113,14,85,0,0
2114,8,85,0,0
2115,4,85,0,0
2116,4,85,0,0
2117,5,71,0,0
2118,5,75,0,0
2119,12,63,0,1
2120,10,77,0,0
2121,10,75,0,0
2122,13,74,0,0
2123,5,53,0,0
2124,6,78,0,0
2125,6,85,1,0
2126,9,80,0,0
2127,16,69,0,0
2128,16,69,0,0
2129,11,69,0,0
2130,11,71,0,0
2131,7,76,0,0
2132,7,71,0,0
2133,8,78,0,0
2135,10,65,0,0
2136,7,80,0,0
2137,13,71,0,0
2138,13,71,0,0
2139,10,77,0,0
2140,10,78,0,0
2141,12,69,0,0
2142,4,73,0,0
2143,11,79,0,0
2144,16,61,0,0
2145,9,54,0,0
2146,9,59,0,0
2147,5,75,0,0
2148,4,80,0,0
2149,8,80,0,0
2150,8,63,0,0
2151,8,69,0,0
2152,11,73,0,0
2153,11,76,0,0
2154,8,85,0,0
2155,12,80,0,0
2156,12,77,0,0
2157,8,74,0,0
2158,12,78,0,0
2159,12,73,0,0
2160,6,85,0,0
2161,4,80,0,0
2162,7,76,0,0
2163,7,68,0,0
2164,7,75,0,0
2165,7,71,0,0
2166,7,85,0,0
2167,1,79,0,0
2168,4,71,0,0
2169,14,76,0,0
2170,15,65,0,0
2171,15,68,0,0
2172,16,69,0,0
2173,15,60,0,1
2174,12,64,0,0
2175,10,67,0,0
2176,16,65,0,0
2177,16,62,0,0
2178,12,72,0,0
2179,10,79,0,0
2180,10,70,0,0
2181,7,80,0,0
2182,6,85,0,0
2183,14,66,0,0
2184,14,62,0,0
2185,6,78,0,0
2186,6,65,0,0
2187,9,73,0,0
2188,9,72,0,0
2189,12,80,0,0
2190,14,80,0,0
2191,8,80,0,0
2192,8,85,0,0
2193,6,80,0,0
2194,4,76,0,0
2195,10,80,1,0
2196,1,85,0,0
2197,5,67,0,0
2198,15,70,0,0
2199,6,85,0,0
2200,15,75,0,1
2201,9,85,0,0
2202,11,72,0,0
2203,13,67,0,0
2204,13,70,0,0
2205,7,74,0,0
2206,15,79,0,0
2207,13,72,0,0
2208,13,70,0,0
2209,13,77,0,0
2210,13,79,0,0
2211,13,85,0,0
2212,16,63,0,0
2213,8,68,0,0
2214,9,79,0,0
2215,9,80,0,0
2216,6,85,0,0
2217,10,85,0,0
2218,10,85,0,0
2219,10,71,0,0
2220,10,64,0,0
2221,12,68,0,0
2222,12,66,0,0
2223,11,62,0,0
2224,6,66,0,0
2225,6,72,0,0
2226,7,71,0,0
2227,1,64,0,0
2228,1,66,0,0
2229,12,63,0,0
2230,6,31,0,0
2231,15,70,0,0
2232,15,73,0,0
2233,8,80,0,0
2234,9,77,0,0
2235,9,68,0,0
2236,6,85,0,0
2237,7,85,0,0
2238,7,80,0,0
2240,8,74,0,0
2241,5,85,0,0
2242,8,80,0,0
2243,8,75,0,0
2244,4,67,0,0
2245,4,85,0,0
2246,14,54,0,0
2247,1,80,0,0
2248,15,73,0,0
2249,15,67,0,0
2250,10,67,0,0
2251,10,76,0,0
2252,12,57,0,0
2253,15,50,0,0
2254,10,69,0,0
2255,5,69,0,0
2256,9,65,0,0
2257,4,80,0,0
2258,7,76,0,0
2259,7,73,0,0
2260,4,80,0,0
2261,9,85,0,0
2263,12,64,0,0
2264,12,85,0,0
2265,4,80,0,0
2266,8,69,0,0
2267,4,71,0,0
2268,12,77,0,0
2269,12,78,0,0
2270,7,72,0,0
2271,7,85,0,0
2272,7,85,0,0
2273,7,85,0,0
2274,12,75,0,0
2275,12,85,0,0
2276,4,56,0,0
2277,14,74,0,0
2278,14,74,0,0
2279,13,63,0,0
2280,13,61,0,0
2281,12,79,0,0
2282,8,85,0,0
2283,13,80,0,0
2284,13,80,0,1
2285,15,79,0,0
2286,6,85,0,0
2288,15,79,0,0
2289,15,77,0,0
2290,14,60,0,0
2291,13,59,0,1
2292,7,79,0,0
2293,7,80,0,0
2294,6,69,0,0
2295,6,71,0,0
2296,3,78,0,0
2297,5,68,0,0
2298,5,72,0,0
2299,14,75,0,0
2300,14,74,0,0
2301,9,85,0,0
2302,9,80,0,0
2303,5,80,0,0
2304,5,76,0,0
2305,15,55,0,0
2306,8,76,0,0
2307,13,68,0,0
2308,13,71,0,0
2309,4,80,0,0
2310,13,75,0,0
2311,11,85,0,0
2312,11,80,0,0
2313,11,74,0,0
2314,11,60,0,0
2315,12,77,0,0
2316,12,75,0,0
2317,8,80,0,0
2318,8,72,0,0
2319,12,62,0,0
2320,11,67,0,1
2321,11,63,0,0
2322,8,71,0,0
2323,8,67,0,0
2324,10,77,0,0
2326,3,77,0,0
2327,11,77,0,0
2328,11,78,0,0
2329,13,71,0,0
2330,11,57,0,0
2331,6,71,0,0
2332,13,75,0,0
2333,11,67,0,0
2334,11,70,0,0
2335,1,69,0,0
2336,13,57,0,0
2337,10,68,0,0
2338,11,69,0,0
2339,7,80,0,0
2340,14,61,0,0
2341,8,85,0,0
2342,12,85,0,0
2343,11,70,0,0
2344,5,85,0,0
2345,5,85,0,0
2346,6,80,0,0
2347,5,62,0,0
2348,12,73,0,0
2349,10,85,0,0
2350,4,66,0,0
2351,6,75,0,0
2352,14,76,0,0
2353,9,62,0,0
2354,8,66,0,0
2355,16,65,0,0
2356,8,77,0,0
2357,8,77,0,0
2358,5,75,0,0
2359,16,65,0,0
2360,13,70,0,0
2361,13,74,0,0
2362,13,63,0,0
2363,5,85,0,0
2364,3,63,0,0
2365,8,64,0,0
2366,12,75,0,0
2367,12,62,0,0
2368,12,58,0,0
2369,13,71,0,0
2370,13,74,0,0
2371,13,76,0,0
2372,3,67,0,1
2373,10,66,0,0
2374,10,67,0,0
2375,6,69,0,0
2376,8,74,0,0
2377,8,73,0,0
2378,2,77,0,0
2380,7,55,0,0
2381,7,56,0,0
2382,12,80,0,0
2383,12,85,0,0
2384,9,68,0,0
2385,9,67,0,1
2386,10,72,0,1
2387,1,71,0,0
2388,11,79,0,0
2389,11,80,0,0
2390,13,70,0,0
2391,3,80,0,0
2392,13,58,0,0
2393,3,80,0,0
2394,7,80,0,0
2395,10,72,0,0
2396,6,65,0,0
2397,7,80,0,0
2398,3,85,0,0
2399,4,85,0,0
2400,9,74,0,0
2401,9,72,0,0
2402,5,69,0,0
2403,9,80,0,0
2404,14,68,0,0
2405,9,77,0,0
2406,10,80,0,0
2407,6,67,0,0
2408,8,74,0,0
2409,9,71,0,0
2410,7,75,0,0
2411,7,80,0,0
2412,14,80,0,0
2413,8,80,0,0
2414,9,74,0,0
2415,12,68,0,0
2416,6,85,0,0
2417,14,74,0,0
2418,13,58,0,1
2419,4,80,0,0
2420,5,85,0,0
2421,6,80,0,0
2422,5,67,0,0
2423,5,80,0,0
2424,5,69,0,0
2425,16,77,0,0
2426,16,77,0,0
2427,1,59,0,0
2428,1,62,0,0
2429,10,80,0,0
2430,10,61,0,1
2431,10,62,0,0
2432,10,80,0,0
2433,13,63,0,0
2434,13,62,0,0
2435,16,64,0,0
2436,5,80,0,0
2437,8,63,0,0
2438,10,59,0,0
2439,4,74,0,0
2440,7,85,0,0
2441,10,85,0,0
2442,10,85,0,0
2443,16,77,0,0
2444,10,65,0,0
2445,9,66,0,0
2446,12,69,0,0
2447,5,69,0,0
2448,5,31,0,0
2449,9,67,0,0
2450,10,67,0,0
2451,5,71,0,0
2452,5,57,0,0
2453,11,65,0,0
2454,11,61,0,0
2455,7,68,0,0
2456,7,85,0,0
2457,7,85,0,0
2458,16,66,0,0
2459,13,76,0,0
2460,11,55,0,0
2461,16,85,0,0
2462,13,66,0,1
2463,2,59,0,0
2464,7,79,0,0
2465,7,72,0,0
2466,13,60,0,0
2467,13,56,0,0
2468,14,80,0,0
2469,14,85,0,0
2470,14,78,0,0
2471,3,76,0,0
2472,5,63,0,0
2474,9,80,0,0
2475,9,80,0,0
2476,11,61,0,0
2477,11,53,0,0
2478,9,72,0,0
2479,9,73,0,0
2480,9,71,0,0
2481,4,70,0,0
2482,14,63,1,1
2483,15,57,0,0
2484,15,52,0,0
2485,11,69,0,0
2486,6,75,0,0
2487,14,79,0,0
2488,8,65,0,0
2489,13,68,0,0
2490,15,79,0,0
2491,15,80,0,0
2492,9,67,0,0
2493,9,80,0,0
2495,8,80,0,0
2496,11,85,0,0
2497,11,65,0,1
2499,8,80,0,0
2500,2,78,0,0
2501,12,72,0,0
2502,12,80,0,0
2503,8,79,0,0
2504,8,75,0,0
2505,12,71,0,0
2506,5,67,1,0
2507,2,85,0,0
2508,2,80,0,0
2509,11,80,0,0
2510,5,85,0,0
2511,7,64,0,0
2512,13,85,0,0
2513,16,71,0,0
2514,5,76,0,0
2515,8,80,0,0
2516,10,85,0,0
2517,9,32,0,0
2518,15,72,0,1
2519,15,72,0,0
2520,13,74,0,0
2521,13,74,0,0
2522,15,62,0,0
2523,15,85,0,0
2524,13,74,0,0
2525,9,65,0,0
2526,9,69,0,0
2527,8,68,0,0
2528,7,85,0,0
2529,13,67,0,0
2530,7,74,0,0
2531,7,74,0,0
2532,7,74,0,0
2533,6,57,0,1
2535,10,77,0,0
2536,10,80,0,0
2537,13,59,0,0
2538,9,54,0,0
2539,7,69,0,0
2540,7,71,0,0
2541,1,77,0,0
2542,15,74,0,0
2543,15,66,0,0
2544,12,69,0,0
2545,7,70,0,0
2546,13,71,0,0
2547,13,76,0,0
2548,15,85,0,0
2549,10,71,0,1
2550,10,62,0,1
2551,16,73,1,0
2552,16,68,0,0
2553,3,85,0,0
2554,14,52,0,0
2555,11,59,0,0
2556,13,52,0,0
2557,14,85,0,0
2558,14,80,0,0
2559,7,63,0,0
2560,8,70,0,0
2561,8,64,0,0
2562,15,56,0,0
2563,2,70,0,0
2564,12,78,0,0
2565,8,67,0,0
2566,15,75,0,0
2567,15,75,0,0
2568,16,65,0,0
2569,16,63,0,0
2570,8,77,0,0
2571,10,80,0,0
2572,5,80,0,0
2573,2,85,0,0
2576,7,85,0,0
2577,10,71,0,0
2578,11,68,0,0
2579,11,67,0,0
2580,8,79,0,0
2581,6,64,1,0
2582,14,65,0,0
2583,14,66,0,0
2584,9,64,0,0
2585,10,79,0,0
2587,12,85,0,0
2588,12,85,0,0
2589,8,68,0,0
2590,8,63,0,0
2591,11,85,0,0
2592,10,68,0,0
2593,7,77,0,0
2594,7,79,0,0
2595,2,70,0,0
2596,2,69,0,0
2597,5,76,0,0
2598,5,67,0,0
2599,8,75,0,0
2600,8,85,0,0
2601,10,78,0,0
2602,10,76,0,0
2603,7,71,0,0
2604,14,64,0,0
2605,12,77,0,0
2606,12,80,0,1
2607,13,64,0,1
2608,12,64,0,1
2609,12,64,0,0
2610,13,85,0,0
2611,7,69,0,0
2612,7,61,0,0
2613,12,70,0,0
2614,12,85,0,0
2615,12,63,0,1
2616,12,61,0,0
2617,12,61,0,0
2618,16,52,0,0
2619,4,71,0,0
2620,7,75,0,1
2621,16,63,0,0
2622,16,63,0,0
2623,15,76,0,0
2624,15,75,0,0
2625,10,80,0,0
2626,10,74,0,0
2627,8,76,1,0
2628,9,75,0,0
2629,9,73,0,0
2630,12,64,0,0
2631,10,78,0,0
2632,12,69,0,0
2633,14,71,0,0
2634,14,69,0,0
2635,11,72,0,0
2636,11,65,0,0
2637,14,67,0,1
2638,10,80,0,0
2639,6,80,0,0
2640,4,85,0,0
2641,11,65,0,0
2642,14,67,0,0
2643,1,56,0,0
2644,15,66,0,0
2645,15,67,0,0
2646,15,61,0,0
2647,13,78,0,0
2648,11,66,0,0
2649,11,70,0,0
2650,5,64,1,0
2651,12,67,0,0
2653,6,85,0,0
2654,10,69,0,0
2655,10,73,0,0
2656,7,80,0,0
2657,7,85,0,0
2658,6,78,0,0
2659,4,70,0,0
2660,9,70,0,0
2661,2,69,0,0
2662,14,85,0,0
2663,14,85,0,0
2664,14,68,0,0
2665,15,70,0,0
2666,8,71,0,0
2667,11,73,0,1
2668,13,66,0,0
2669,14,61,0,0
2670,16,69,0,0
2671,16,62,0,0
2672,7,68,0,0
2673,7,65,0,0
2674,14,85,0,0
2675,14,85,0,0
2676,10,85,0,0
2677,7,67,0,0
2678,14,85,0,0
2679,15,64,0,0
2680,15,62,0,0
2681,11,72,0,0
2682,11,67,0,0
2683,11,71,0,0
2684,8,80,0,0
2685,8,80,0,0
2686,14,68,0,1
2688,7,65,0,0
2689,15,85,0,0
2690,15,66,0,0
2691,15,71,0,0
2692,6,67,0,0
2693,6,68,0,0
2695,9,80,0,0
2696,3,75,0,0
2697,6,74,0,0
2698,14,80,0,0
2699,14,71,0,0
2700,13,80,0,0
2701,13,80,0,0
2702,14,80,0,0
2703,10,85,0,0
2705,3,76,0,0
2706,3,85,0,0
2707,3,71,0,0
2708,3,59,0,0
2709,9,85,0,0
2710,8,71,0,0
2711,3,80,0,0
2712,10,72,0,0
2713,8,67,0,0
2714,8,58,0,0
2715,11,67,0,0
2716,10,69,0,0
2717,4,85,0,0
2718,7,80,0,1
2719,8,80,0,0
2720,13,67,0,0
2721,12,73,0,0
2722,12,80,0,0
2723,12,85,0,0
2724,11,19,0,0
2725,7,64,0,1
2726,10,71,0,0
2727,13,68,0,0
2728,13,71,0,0
2729,13,67,0,0
2730,13,63,0,0
2731,4,85,0,0
2732,8,67,0,0
2733,8,69,0,0
2734,13,60,0,0
2735,11,61,0,0
2736,11,66,0,0
2737,13,72,0,0
2738,13,78,0,0
2739,13,73,0,0
2740,13,73,0,0
2741,11,80,0,0
2742,10,68,0,0
2743,12,65,0,0
2744,12,72,0,0
2745,16,63,0,0
2746,11,85,0,0
2747,12,80,0,0
2748,12,80,0,0
2749,9,85,0,0
2750,9,85,0,0
2751,5,44,0,0
2752,5,46,0,0
2753,4,80,0,0
2754,8,69,0,0
2755,8,73,0,0
2756,14,65,0,0
2757,14,67,0,0
2758,13,66,0,0
2759,13,71,0,0
2760,14,80,0,0
2761,14,75,0,0
2762,10,71,0,0
2763,10,85,0,0
2764,3,66,0,0
2765,15,74,0,0
2766,5,80,0,0
2767,9,78,0,0
2768,9,80,0,0
2769,7,80,0,0
2770,7,80,0,0
2771,9,60,0,0
2772,5,64,0,0
2773,9,65,0,0
2774,12,63,0,0
2775,12,60,0,0
2777,2,80,0,0
2778,8,85,0,0
2779,14,80,0,0
2780,4,64,0,0
2781,4,70,0,1
2782,14,56,1,1
2783,7,68,0,0
2784,7,67,0,0
2785,14,79,0,0
2786,14,79,0,0
2787,7,73,0,0
2788,3,85,0,0
2789,10,80,0,0
2790,10,78,0,0
2791,6,69,0,0
2792,13,75,0,0
2793,4,61,0,0
2794,4,65,0,0
2795,11,71,0,0
2796,11,72,0,0
2797,7,80,0,0
2798,4,63,1,0
2799,13,63,0,0
2800,14,69,0,0
2801,14,72,0,0
2802,8,73,0,0
2803,8,76,0,0
2804,12,85,0,0
2805,6,68,0,0
2806,4,80,0,0
2807,14,78,0,0
2808,14,76,0,0
2809,9,57,0,0
2810,9,60,0,0
2811,13,85,0,0
2812,13,85,0,0
2813,6,80,0,0
2814,6,76,0,0
2815,6,85,0,0
2816,8,80,0,0
2817,8,80,0,0
2818,9,66,0,1
2819,9,65,0,1
2820,8,85,0,0
2821,8,80,0,0
2822,4,76,0,0
2823,4,75,0,0
2824,11,78,0,0
2825,10,69,0,1
2826,10,69,0,0
2827,10,80,0,0
2828,10,80,0,0
2829,5,73,0,0
2830,15,71,0,0
2831,9,66,0,0
2832,11,71,0,0
2833,11,68,0,0
2834,5,85,0,0
2835,5,80,0,0
2836,9,67,0,0
2837,4,85,0,0
2838,8,65,0,0
2839,13,63,0,0
2840,7,78,0,0
2841,7,79,0,0
2842,12,77,0,0
2843,3,75,0,0
2844,5,64,0,0
2845,4,85,0,0
2846,4,85,0,0
2847,14,71,0,0
2848,15,71,0,0
2849,12,85,0,0
2850,12,69,0,0
2851,7,76,0,0
2852,13,80,0,0
2853,13,80,0,0
2854,5,80,0,0
2855,5,85,0,0
2856,7,80,0,0
2857,11,74,0,0
2858,8,77,0,0
2859,8,73,0,0
2860,6,72,0,0
2861,14,78,0,0
2862,14,71,0,0
2863,16,56,0,0
2864,10,71,0,0
2865,1,53,0,0
2866,6,78,0,0
2867,6,74,0,0
2868,12,80,0,0
2869,11,77,0,0
2870,12,73,0,0
2871,12,77,0,0
2872,7,70,0,0
2873,7,67,0,0
2874,3,58,1,0
2875,5,64,0,0
2876,5,62,0,0
2877,9,69,0,0
2878,9,71,0,0
2879,5,67,0,0
2880,13,53,0,0
2881,5,67,0,0
2882,7,80,0,0
2883,6,67,0,0
2884,6,76,0,0
2885,6,73,0,0
2886,8,65,0,0
2887,15,80,0,0
2888,9,85,0,0
2889,9,85,0,0
2890,6,85,0,0
2891,6,80,0,0
2892,12,76,0,0
2893,12,68,0,0
2894,11,70,0,0
2895,11,68,0,0
2896,8,68,0,0
2897,13,74,0,0
2898,13,72,0,0
2899,7,80,0,0
2900,15,65,0,0
2901,12,66,0,0
2902,7,65,0,0
2903,6,77,0,0
2904,11,73,0,0
2905,11,59,0,0
2906,8,67,0,0
2907,13,78,0,0
2908,13,78,0,0
2909,11,66,0,0
2910,6,73,0,0
2911,6,73,0,0
2912,10,69,0,0
2914,1,66,0,0
2915,8,71,0,0
2916,8,64,0,0
2917,10,63,0,0
2918,10,70,0,0
2919,3,71,0,0
2920,3,71,0,0
2921,7,85,0,0
2922,4,85,0,0
2923,10,80,0,0
2924,10,85,0,0
2925,12,85,0,0
2926,12,80,0,0
2927,16,58,0,0
2928,16,85,0,0
2929,4,85,0,0
2930,9,77,0,0
2931,8,72,0,0
2932,4,65,0,0
2933,10,73,0,0
2934,14,74,0,0
2935,14,80,0,0
2936,14,56,0,0
2937,13,79,0,0
2938,13,80,0,0
2939,11,58,0,0
2940,11,80,0,0
2941,14,61,0,0
2942,1,85,0,0
2943,1,80,0,0
2944,1,85,0,0
2945,1,85,0,0
2946,9,72,0,0
2947,6,68,0,0
2948,6,51,0,0
2949,6,75,0,0
2950,6,70,0,0
2951,13,58,0,0
2952,8,78,0,0
2953,8,72,0,0
2954,9,70,0,0
2955,10,78,0,0
2956,10,76,0,0
2957,13,80,0,0
2958,14,78,0,0
2959,14,73,0,0
2960,4,80,0,0
2962,11,85,0,0
2964,9,73,0,0
2965,8,73,0,0
2966,9,85,0,0
2967,15,70,0,0
2968,9,54,0,0
2969,12,85,0,0
2970,2,85,0,0
2971,16,68,0,0
2973,7,73,0,0
2974,14,62,0,0
2975,12,67,0,0
2976,12,63,0,0
2977,15,62,0,0
2978,15,85,0,0
2979,10,65,0,0
2980,10,69,0,0
2981,15,70,0,0
2982,15,70,0,0
2983,4,80,0,0
2984,4,72,0,0
2985,15,62,0,0
2986,14,76,0,0
2987,7,74,0,0
2988,4,68,0,0
2989,4,65,0,0
2990,7,80,0,0
2992,2,78,0,0
2993,16,76,0,0
2994,16,76,0,0
2995,9,70,0,0
2996,16,59,0,0
2997,10,85,0,0
2998,7,71,0,0
2999,12,80,0,0
3000,12,80,0,0
3002,11,65,0,1
3003,8,85,0,0
3004,8,80,0,0
3005,5,85,0,0
3006,13,66,0,0
3007,7,80,0,0
3008,6,51,0,0
3009,12,85,0,0
3010,12,85,0,0
3011,15,85,0,0
3012,15,85,0,0
3013,14,85,0,0
3014,14,85,0,0
3015,4,73,0,0
3016,6,80,0,0
3017,6,85,0,0
3018,5,76,0,0
3019,13,72,0,0
3020,13,80,0,0
3021,11,69,0,0
3022,11,74,0,0
3023,12,60,1,0
3024,11,63,0,0
3025,11,58,0,1
3026,7,80,0,0
3027,7,76,0,0
3028,11,67,0,0
3029,11,74,0,0
3030,12,79,0,0
3031,12,74,0,0
3032,4,65,0,0
3033,4,61,0,0
3034,2,74,0,0
3035,13,71,0,0
3036,10,72,0,0
3037,10,80,0,0
3038,6,64,1,0
3039,16,69,0,0
3040,16,59,0,0
3041,6,77,0,0
3042,10,68,0,0
3043,16,70,0,0
3045,12,51,0,0
3046,7,66,0,0
3047,7,71,0,0
3048,11,77,0,0
3049,11,73,0,0
3050,12,74,0,0
3051,14,80,0,0
3052,13,71,0,0
3053,12,69,0,0
3054,9,80,0,0
3055,11,75,0,0
3056,11,79,0,0
3057,12,85,0,0
3058,7,80,0,0
3059,7,80,0,0
3060,10,65,0,0
3061,7,66,0,0
3062,7,79,0,0
3063,9,80,0,0
3064,7,80,0,0
3065,12,68,0,1
3066,12,66,0,0
3067,7,71,0,0
3068,7,68,0,0
3069,8,65,0,0
3070,3,75,0,0
3071,5,80,0,0
3072,4,85,0,0
3073,13,69,0,0
3074,13,68,0,0
3076,6,72,0,0
3077,9,80,0,0
3078,6,80,0,0
3079,9,85,0,0
3080,7,80,0,0
3081,10,66,0,0
3082,10,68,0,0
3083,10,66,0,0
3084,2,75,0,0
3085,2,79,0,0
3086,11,70,0,0
3087,11,69,0,0
3088,13,65,0,0
3089,14,53,0,0
3090,7,85,0,0
3091,11,68,0,0
3092,11,66,0,0
3093,11,59,0,0
3094,8,62,0,0
3095,8,71,0,0
3096,12,69,0,0
3097,10,76,0,0
3098,10,77,0,0
3099,4,85,0,0
3101,14,66,0,0
3103,11,85,0,0
3104,5,80,0,0
3105,5,67,1,0
3106,11,62,0,0
3107,11,56,0,0
3108,16,85,0,0
3109,10,69,0,0
3110,10,74,0,0
3111,11,69,0,0
3112,11,68,0,0
3113,11,63,0,0
3114,13,85,0,0
3115,13,77,0,0
3116,9,80,0,0
3117,9,76,0,0
3118,6,70,0,0
3119,6,74,0,0
3120,5,85,0,0
3121,3,64,0,0
3122,4,76,0,0
3123,4,80,0,0
3124,8,85,0,0
3125,10,69,0,0
3126,11,75,0,0
3127,6,61,0,0
3128,3,85,0,0
3129,12,57,0,1
3130,12,63,0,1
3131,8,69,0,0
3132,15,66,0,0
3133,14,59,0,0
3134,5,79,0,0
3135,15,80,0,0
3136,15,80,0,0
3137,5,61,0,0
3138,5,75,0,0
3139,14,74,0,0
3140,10,65,0,0
3141,6,70,0,0
3142,7,77,0,0
3144,12,67,0,0
3145,11,71,0,0
3146,9,47,0,0
3147,9,52,0,0
3148,16,69,0,0
3149,7,85,0,0
3150,7,80,0,0
3151,8,79,0,0
3152,8,68,0,0
3153,7,74,0,0
3154,5,80,0,0
3155,15,65,0,0
3156,5,80,0,0
3157,6,78,0,0
3158,5,85,0,0
3159,6,80,0,0
3160,6,79,0,0
3161,13,58,0,0
3162,16,73,0,0
3163,11,62,0,0
3164,3,68,0,0
3165,16,80,0,0
3166,11,49,0,0
3167,11,73,0,0
3168,11,76,0,1
3169,8,85,0,0
3170,8,85,0,0
3171,8,85,0,0
3172,6,76,0,0
3173,4,80,0,0
3174,15,80,0,0
3175,16,61,0,0
3176,15,77,0,0
3177,15,80,0,0
3178,14,75,1,1
3179,7,68,0,0
3180,12,62,0,0
3181,12,85,0,0
3182,7,85,0,0
3183,5,85,0,0
3184,2,72,0,0
3185,11,66,0,0
3186,6,85,0,0
3187,8,74,0,0
3188,12,50,0,0
3189,9,60,0,1
3190,16,85,0,0
3191,16,85,0,0
3192,4,85,0,0
3193,6,78,0,0
3194,5,78,0,0
3195,11,62,0,0
3196,3,80,0,0
3197,9,76,0,0
3198,10,71,0,0
3199,10,73,0,0
3200,8,75,0,0
3201,6,85,0,0
3202,7,73,0,0
3203,11,85,0,0
3204,4,85,0,0
3206,12,69,0,0
3207,14,67,0,0
3208,14,64,0,0
3209,13,70,0,0
3210,13,69,0,0
3211,10,85,0,0
3212,13,80,0,0
3213,13,68,0,0
3214,14,80,0,0
3215,14,79,0,0
3216,16,61,0,0
3217,16,62,0,0
3218,8,61,0,0
3219,9,74,0,0
3220,10,85,0,0
3221,10,85,0,0
3222,12,63,0,0
3223,12,64,0,0
3224,8,66,0,0
3225,15,80,0,0
3226,4,79,0,0
3227,6,80,0,0
3228,6,40,0,0
3229,6,29,0,0
3230,7,71,0,0
3231,7,68,0,0
3232,14,58,0,0
3234,15,64,0,1
3235,9,69,0,0
3236,9,76,0,0
3237,7,61,0,0
3238,9,70,0,0
3239,9,67,0,0
3240,6,75,0,0
3241,12,85,0,0
3242,12,62,0,0
3243,2,59,0,0
3244,3,64,0,0
3245,8,65,0,0
3246,10,51,0,0
3247,10,50,0,0
3248,16,73,0,0
3249,16,74,0,0
3250,14,73,0,0
3251,14,71,0,0
3252,6,85,0,0
3253,6,78,0,0
3254,8,63,0,0
3255,6,80,0,0
3256,6,80,0,0
3257,7,68,0,0
3258,7,70,0,0
3259,11,63,0,0
3260,11,63,0,0
3261,3,65,0,0
3262,9,67,0,0
3263,13,71,0,0
3264,4,80,0,1
3266,8,71,0,0
3267,4,70,0,0
3268,9,64,0,0
3269,12,69,0,0
3270,6,71,0,0
3271,9,62,0,0
3272,10,70,0,1
3273,6,41,0,0
3274,6,58,0,0
3275,9,67,0,0
3276,9,85,0,0
3277,8,85,0,0
3278,13,67,0,0
3279,13,70,0,0
3280,11,79,0,0
3281,13,59,0,1
3282,12,65,0,0
3283,14,71,0,0
3284,14,67,0,0
3285,14,78,0,0
3287,8,64,0,0
3288,11,60,0,0
3289,11,65,0,0
3290,16,58,0,0
3291,11,85,0,0
3292,12,85,0,0
3293,12,76,0,0
3294,15,70,0,0
3295,15,68,0,0
3296,11,85,0,0
3297,12,56,0,0
3298,11,70,0,0
3299,7,85,0,0
3300,14,79,0,0
3301,14,79,0,0
3302,5,45,0,0
3303,9,66,0,0
3305,11,57,0,0
3306,11,85,0,0
3307,11,85,0,0
3308,4,50,0,0
3309,9,80,0,0
3310,9,72,0,0
3311,13,74,0,0
3312,13,73,0,0
3313,11,71,0,0
3314,16,51,0,0
3315,16,63,0,0
3316,14,69,0,0
3317,14,69,0,0
3318,8,69,0,0
3319,11,63,0,1
3320,12,60,0,0
3321,8,71,0,0
3322,13,85,0,0
3323,6,66,0,0
3325,11,80,0,0
3326,8,72,0,0
3327,6,70,0,0
3328,8,74,0,0
3329,8,78,0,0
3330,16,64,0,0
3331,13,72,0,0
3332,8,60,0,0
3333,12,80,0,0
3334,12,72,0,0
3335,5,69,0,0
3336,5,65,0,0
3338,11,67,0,0
3339,12,64,0,0
3340,4,80,0,0
3341,16,73,0,0
3342,16,71,1,0
3343,12,75,0,0
3344,13,62,0,0
3345,6,67,0,0
3346,9,80,0,0
3347,12,78,0,0
3349,5,66,1,0
3350,12,63,0,0
3351,15,66,0,0
3352,16,59,0,0
3353,6,79,0,0
3354,12,65,0,0
3355,15,64,0,0
3356,7,66,0,0
3357,7,64,0,0
3358,11,67,0,0
3359,13,85,0,0
3360,13,63,0,0
3361,8,79,0,0
3362,8,76,0,0
3363,14,58,0,0
3364,15,64,0,0
3365,15,63,0,0
3367,3,75,0,0
3368,4,85,0,0
3369,4,72,0,0
3370,4,71,0,0
3371,2,85,0,0
3372,4,61,0,0
3373,16,59,0,0
3374,13,65,0,0
3375,13,63,0,0
3376,7,85,0,0
3377,16,57,0,0
3378,15,68,0,0
3379,5,75,0,0
3380,16,80,0,0
3381,16,85,0,0
3382,14,68,0,0
3383,11,80,0,0
3384,11,72,0,0
3385,12,64,0,0
3387,11,69,0,0
3388,15,53,0,0
3389,5,85,0,0
3390,6,80,0,0
3391,6,85,0,0
3393,11,70,0,0
3394,14,73,1,0
3395,6,73,0,0
3396,6,75,0,0
3397,6,74,0,0
3398,12,69,0,0
3399,14,71,0,1
3400,14,66,0,0
3401,14,76,0,0
3402,14,76,0,0
3404,3,60,0,0
3405,8,72,0,0
3406,8,75,0,0
3407,13,66,0,0
3408,12,73,0,0
3409,12,76,0,0
3410,9,78,0,0
3411,9,80,0,0
3412,13,68,0,0
3413,15,68,0,0
3414,15,72,0,0
3415,4,56,0,0
3416,12,58,0,0
3417,3,85,0,0
3418,7,72,0,0
3419,7,71,0,0
3420,13,66,1,0
3421,13,66,0,0
3422,7,52,0,0
3423,7,85,0,0
3424,1,69,0,0
3425,9,85,0,0
3427,10,75,0,0
3428,13,60,0,0
3429,13,63,0,0
3430,3,80,0,0
3431,4,85,0,0
3432,4,85,0,0
3433,7,69,0,0
3434,15,61,0,0
3436,6,44,0,0
3437,6,34,0,0
3438,11,54,0,0
3439,11,66,0,0
3440,9,85,0,0
3441,15,85,0,0
3442,15,85,0,0
3443,11,78,0,0
3445,9,80,0,0
3446,9,80,0,0
3447,13,60,0,0
3448,13,70,0,0
3449,13,72,0,0
3450,13,70,0,0
3451,9,69,0,0
3452,9,69,1,0
3453,13,62,0,1
3454,9,58,0,0
3455,8,80,0,0
3456,7,85,0,0
3457,7,85,0,0
3458,13,73,0,0
3459,13,73,0,1
3460,8,78,0,0
3461,9,80,0,0
3462,4,66,0,0
3463,7,80,0,0
3464,10,85,0,0
3465,14,80,0,0
3466,14,77,0,0
3467,6,75,0,0
3468,12,80,0,0
3469,9,85,0,0
3470,9,80,0,0
3471,2,75,0,0
3472,2,76,0,0
3473,7,61,0,0
3474,7,80,0,0
3475,11,59,0,0
3476,7,85,0,0
3477,7,68,0,0
3478,7,78,0,0
3479,11,39,0,0
3480,11,41,0,0
3481,14,66,0,0
3482,7,80,0,0
3483,11,65,0,0
3484,11,65,0,0
3485,8,69,0,0
3486,5,80,0,0
3487,11,68,0,0
3488,9,74,0,0
3489,9,72,0,0
3490,5,72,0,0
3491,9,48,0,0
3492,9,50,0,0
3493,15,61,0,0
3494,9,80,0,0
3495,13,58,0,0
3496,13,56,0,1
3497,3,70,0,0
3498,13,62,0,1
3499,15,69,0,1
3500,11,74,0,0
3501,13,63,0,0
3502,14,80,0,0
3503,11,68,0,0
3504,2,56,0,0
3505,7,73,0,0
3506,10,75,0,0
3507,8,80,0,0
3508,10,61,0,0
3509,6,85,0,0
3510,11,73,0,0
3511,7,80,0,0
3512,7,64,0,0
3513,9,77,0,0
3514,9,80,0,0
3515,12,67,0,0
3516,12,62,0,0
3517,8,75,0,0
3518,10,76,0,0
3519,14,61,0,0
3520,9,78,0,0
3521,11,70,0,0
3522,4,56,0,1
3523,6,60,0,0
3524,10,76,0,0
3525,9,77,0,1
3526,13,62,0,0
3527,7,33,0,0
3528,6,78,0,0
3529,11,80,0,0
3530,12,66,0,0
3531,6,65,0,0
3532,6,66,0,0
3533,8,80,0,0
3534,12,80,0,0
3535,12,65,0,0
3536,9,71,0,0
3537,9,72,0,0
3538,7,85,0,0
3539,16,78,0,0
3540,16,67,1,0
3541,12,74,0,0
3542,16,85,0,0
3543,10,67,0,0
3544,2,65,0,0
3545,9,66,0,1
3546,9,71,0,1
3547,9,76,0,0
3548,12,80,0,0
3549,7,65,0,0
3550,7,65,0,0
3551,10,67,0,0
3552,10,64,0,0
3553,8,61,0,0
3554,5,67,0,0
3555,5,65,0,0
3556,11,71,0,0
3557,10,73,0,0
3558,8,85,0,0
3559,6,69,0,0
3560,6,68,0,0
3561,9,73,0,0
3562,9,73,0,0
3563,7,71,0,0
3564,7,74,0,0
3565,6,75,0,0
3566,6,75,0,0
3567,6,80,0,0
3568,8,85,0,0
3570,15,85,0,0
3571,15,85,0,0
3572,14,77,0,0
3573,11,68,1,0
3574,2,74,0,0
3575,2,76,0,0
3576,6,73,0,0
3577,13,85,0,0
3578,13,56,0,0
3579,3,76,0,0
3580,3,76,0,0
3581,10,68,0,0
3582,10,70,0,0
3583,11,69,0,1
3584,6,80,0,0
3585,16,56,0,0
3586,9,64,0,0
3587,14,76,0,0
3589,15,85,0,0
3590,15,59,0,0
3591,14,71,0,0
3592,15,67,0,0
3593,5,78,0,0
3594,8,76,0,0
3595,8,78,0,0
3597,12,80,0,0
3598,12,80,0,0
3600,11,76,0,0
3601,14,59,0,1
3602,11,80,0,0
3603,11,78,0,0
3604,7,70,0,0
3605,14,73,0,0
3606,14,68,0,0
3607,14,67,0,0
3608,6,67,0,0
3609,6,85,0,0
3610,8,80,0,0
3611,11,80,0,0
3612,12,70,0,0
3613,12,68,0,0
3614,15,74,0,0
3615,15,77,0,0
3616,11,80,0,0
3618,6,63,0,0
3619,5,85,0,0
3620,1,75,0,0
3622,10,85,0,0
3623,8,69,0,0
3624,5,64,0,0
3625,15,67,0,0
3626,7,80,0,0
3627,13,80,0,0
3628,3,76,0,0
3629,3,80,0,0
3630,12,54,0,0
3631,12,79,0,0
3632,8,72,0,0
3633,8,74,0,0
3634,3,77,0,0
3635,15,70,0,0
3636,15,66,0,0
3637,16,76,0,0
3638,12,85,0,0
3639,14,67,0,0
3640,6,80,0,0
3641,4,69,0,0
3642,4,73,0,0
3643,9,75,0,0
3644,14,85,0,0
3645,2,63,0,0
3647,15,75,0,0
3648,15,61,0,0
3649,13,66,1,0
3650,7,64,0,0
3651,3,85,0,0
3652,3,80,0,0
3653,3,80,0,0
3654,5,69,0,0
3655,11,79,0,0
3656,6,73,0,0
3658,14,68,0,0
3659,16,51,0,0
3660,13,61,0,0
3661,5,73,0,0
3662,6,72,0,0
3663,11,85,0,0
3664,14,69,0,1
3665,14,67,0,0
3666,15,66,0,0
3667,16,76,0,0
3668,4,71,0,0
3669,16,68,0,0
3670,16,76,0,0
3671,9,66,0,0
3672,3,80,0,0
3673,3,79,0,0
3674,15,75,0,0
3675,13,57,0,0
3676,11,73,0,0
3677,11,70,0,0
3678,5,80,0,0
3679,12,67,0,0
3680,12,71,0,0
3682,7,70,0,0
3683,7,73,0,0
3684,7,74,0,0
3685,4,80,0,0
3686,13,63,0,0
3687,13,65,0,0
3688,7,72,0,0
3689,7,73,0,0
3690,10,66,0,0
3691,4,80,0,0
3692,9,68,0,0
3693,6,79,0,0
3694,6,77,0,1
3695,2,85,0,0
3696,7,85,0,0
3697,14,42,0,0
3698,14,55,0,0
3699,11,67,0,0
3700,3,69,0,0
3701,3,80,0,0
3702,5,74,0,0
3703,5,78,0,0
3705,14,52,0,0
3706,14,19,0,0
3707,9,67,0,0
3708,9,73,0,0
3709,13,73,0,0
3710,9,85,0,0
3711,9,69,0,0
3712,4,68,0,0
3713,6,80,0,0
3714,6,85,0,0
3715,7,80,0,0
3716,7,79,0,0
3717,13,65,0,0
3718,16,70,0,0
3719,16,74,0,0
3720,6,69,0,0
3721,6,74,0,0
3722,2,80,0,0
3723,9,66,0,0
3724,16,80,0,0
3725,10,79,0,0
3726,10,80,0,0
3727,13,66,0,1
3728,13,63,0,0
3729,7,63,0,0
3730,5,78,0,0
3731,12,73,0,0
3732,12,76,0,0
3733,5,75,0,0
3734,14,58,0,0
3735,5,70,0,0
3736,13,70,0,0
3737,13,69,0,0
3738,1,75,0,0
3739,8,69,0,0
3741,15,85,0,0
3742,15,85,0,0
3743,14,77,0,0
3744,8,76,0,0
3745,8,63,0,0
3746,8,75,0,0
3747,8,69,0,0
3748,13,75,0,0
3749,10,70,0,0
3750,8,70,0,0
3751,7,65,0,0
3752,11,32,0,0
3753,11,34,0,0
3754,16,60,0,0
3755,10,70,0,0
3756,10,73,0,0
3757,7,69,0,0
3758,4,80,0,0
3759,10,85,0,0
3760,8,79,0,0
3761,8,68,0,0
3762,8,72,0,0
3763,5,65,0,0
3764,14,58,0,1
3765,7,67,0,0
3766,10,70,0,0
3767,10,70,0,0
3768,6,76,0,0
3769,16,66,0,0
3770,11,80,0,0
3771,11,75,0,0
3773,1,60,0,0
3774,14,60,0,1
3775,13,65,0,0
3776,6,62,0,0
3777,11,80,0,0
3778,11,80,0,0
3779,11,85,0,0
3780,7,80,0,0
3781,15,80,0,0
3782,15,73,0,0
3783,9,77,0,0
3784,9,77,0,0
3785,13,64,0,0
3786,11,79,0,0
3787,11,73,0,0
3788,14,58,0,0
3789,11,67,0,0
3790,14,66,0,0
3791,5,63,0,0
3792,5,77,0,0
3793,5,79,0,0
3794,12,78,0,0
3795,12,62,0,0
3796,8,28,0,0
3797,8,80,0,0
3798,7,68,0,0
3799,8,80,0,0
3800,14,55,0,0
3801,6,66,0,0
3802,10,70,0,0
3803,11,67,0,0
3804,11,68,0,0
3805,15,80,0,0
3806,6,85,0,0
3807,13,73,0,0
3808,11,77,0,0
3809,15,56,0,0
3810,15,68,0,0
3811,8,73,0,0
3812,4,80,0,1
3813,8,63,0,1
3814,15,55,0,0
3815,11,71,0,0
3816,11,68,0,0
3817,14,70,0,0
3818,5,80,0,0
3819,5,80,0,0
3820,13,63,0,0
3821,8,78,0,0
3822,8,71,0,0
3823,7,67,0,0
3824,8,73,0,0
3825,13,67,0,0
3826,13,66,0,0
3827,4,85,0,0
3828,11,73,0,0
3829,11,75,0,0
3830,6,80,0,0
3831,7,43,0,0
3833,11,79,0,0
3834,11,75,0,0
3835,6,72,0,0
3836,11,59,0,0
3837,12,64,0,0
3838,4,79,0,0
3839,8,67,0,0
3840,8,66,0,0
3841,8,55,0,0
3844,11,85,0,0
3845,2,80,0,0
3846,2,80,0,0
3847,14,66,0,0
3848,11,66,0,0
3849,11,68,0,0
3850,1,80,0,0
3851,10,71,0,0
3852,12,61,0,0
3853,14,79,0,0
3854,11,76,0,0
3855,6,85,0,0
3856,8,76,0,0
3857,14,68,0,0
3858,14,71,0,0
3859,14,77,0,0
3860,14,79,0,0
3861,4,73,0,0
3862,4,64,0,0
3863,13,72,0,0
3864,14,80,0,0
3865,8,80,0,0
3867,16,64,0,0
3868,16,73,0,0
3869,16,71,0,0
3870,12,68,0,0
3871,11,77,0,0
3872,11,73,0,0
3873,9,72,0,0
3874,7,62,0,0
3875,9,76,0,0
3876,9,71,0,0
3877,6,64,0,0
3878,1,85,0,0
3879,14,54,0,0
3880,8,70,0,0
3881,12,66,0,0
3882,4,85,0,0
3883,4,70,0,0
3884,7,61,0,0
3885,14,70,0,0
3886,8,73,0,0
3887,13,70,0,0
3888,13,73,0,0
3889,13,80,0,0
3890,1,64,0,1
3891,1,67,0,0
3892,11,78,0,0
3894,7,76,0,0
3895,7,76,0,0
3896,11,77,0,0
3897,13,80,0,0
3898,5,64,0,0
3899,3,85,0,0
3900,3,80,0,0
3901,13,71,0,0
3902,13,71,0,0
3903,12,73,0,0
3904,9,80,0,0
3905,8,65,0,1
3906,12,66,0,0
3907,15,71,0,0
3908,6,80,0,0
3909,11,64,0,0
3910,6,79,0,0
3911,6,67,0,0
3912,9,76,0,0
3913,6,76,0,0
3914,6,85,0,0
3915,8,62,0,0
3916,8,29,0,0
3917,15,77,0,0
3918,12,69,0,0
3919,8,58,0,0
3920,10,65,0,0
3921,10,71,0,1
3922,13,72,0,0
3923,11,85,0,0
3924,9,69,0,0
3925,7,70,0,0
3926,9,79,0,0
3927,10,51,0,0
3928,13,64,0,0
3929,13,63,0,0
3930,8,80,0,0
3931,6,64,0,0
3932,9,75,0,0
3933,7,85,0,0
3934,7,79,0,0
3935,7,73,0,0
3936,14,70,0,0
3937,16,62,0,0
3938,13,59,0,0
3939,11,57,0,1
3940,14,70,0,0
3941,8,77,0,0
3942,8,75,0,0
3943,10,70,0,0
3944,6,73,0,0
3945,10,77,0,0
3946,6,66,0,0
3947,13,61,0,1
3948,13,61,0,0
3949,10,80,0,0
3950,13,73,0,0
3951,13,68,0,0
3952,8,77,0,0
3953,4,73,0,0
3954,5,85,0,0
3955,5,80,0,0
3956,8,74,0,0
3957,10,76,0,0
3958,16,57,0,0
3959,16,52,0,0
3960,11,67,0,0
3961,11,65,0,0
3962,11,73,0,0
3963,7,75,0,0
3964,6,66,0,0
3965,6,69,0,0
3966,9,67,0,0
3967,9,68,0,0
3968,11,64,0,0
3969,11,67,0,0
3970,7,43,0,0
3971,11,68,0,0
3972,11,71,0,0
3973,7,70,0,0
3975,14,65,0,0
3976,14,75,0,0
3977,14,76,0,0
3978,12,62,0,0
3980,15,61,0,0
3981,6,65,0,0
3982,12,77,0,0
3983,10,80,0,0
3984,10,71,0,0
3985,11,80,0,0
3986,12,69,0,0
3987,15,63,0,0
3988,15,65,0,0
3989,4,76,0,0
3990,10,70,0,0
3991,8,71,0,0
3992,8,75,0,0
3993,12,54,0,0
3994,12,50,0,0
3995,6,73,0,0
3996,9,80,0,0
3997,9,80,0,0
3998,7,76,0,0
3999,7,67,0,0
4000,15,80,0,0
4001,9,55,0,0
4003,9,76,0,0
4004,12,73,0,1
4005,10,78,0,0
4006,10,50,0,0
4007,4,61,0,0
4008,7,85,0,0
4009,12,75,0,0
4010,12,70,0,0
4011,3,85,0,0
4012,1,67,0,0
4013,11,50,0,0
4014,11,47,0,0
4015,11,58,0,0
4016,8,68,0,0
4017,5,70,0,0
4018,6,55,0,0
4019,6,66,0,0
4020,6,66,0,0
4021,8,71,0,0
4022,8,68,0,0
4023,7,61,0,1
4024,12,69,0,0
4025,9,70,0,0
4026,13,80,0,0
4027,4,66,0,0
4028,7,75,0,0
4029,8,65,0,0
4030,15,62,0,0
4031,14,62,1,0
4032,15,34,0,0
4033,15,29,0,0
4034,9,85,0,0
4035,9,80,0,0
4036,15,66,0,0
4037,5,64,0,0
4038,7,61,0,0
4039,14,69,0,0
4040,14,67,0,0
4041,14,75,0,0
4043,16,63,0,0
4044,5,77,0,0
4045,5,77,0,0
4046,5,71,0,0
4047,5,79,0,0
4048,15,66,0,0
4049,11,80,0,0
4050,5,55,0,0
4051,4,80,0,0
4052,11,68,1,0
4053,11,64,1,0
4054,7,76,0,0
4055,7,71,0,0
4056,12,75,0,0
4057,11,85,0,0
4058,12,75,0,0
4059,6,74,0,0
4060,6,78,0,0
4061,1,85,0,0
4062,6,79,0,0
4063,6,75,0,0
4064,13,62,0,0
4065,13,60,0,0
4066,12,77,0,0
4067,12,69,0,0
4068,3,66,0,0
4069,8,85,0,0
4070,8,80,0,0
4071,10,65,0,0
4072,8,68,0,0
4073,8,75,0,0
4074,5,35,0,0
4075,5,37,0,0
4076,4,85,0,0
4078,5,70,0,0
4079,11,62,0,0
4080,14,80,0,0
4081,15,61,1,0
4082,12,58,0,0
4083,12,60,0,1
4084,15,68,0,0
4085,12,70,0,0
4086,6,68,0,0
4087,3,85,0,0
4088,7,71,0,0
4089,15,71,0,0
4090,15,68,0,0
4091,16,64,0,0
4092,5,78,0,0
4093,13,70,0,0
4094,7,77,0,0
4095,8,80,0,0
4096,8,56,0,0
4097,8,85,0,0
4098,11,65,0,0
4100,3,68,1,0
4101,7,85,0,0
4102,7,79,0,0
4103,15,72,0,0
4104,12,75,0,1
4105,3,85,0,0
4106,13,80,0,0
4107,8,68,0,0
4109,7,85,0,0
4110,13,68,0,0
4111,12,85,0,0
4112,13,70,0,0
4113,13,74,0,0
4114,7,62,0,0
4115,6,57,0,0
4116,9,71,0,0
4117,9,74,0,0
4118,12,64,0,1
4119,12,80,0,0
4120,12,79,0,0
4121,10,67,0,0
4122,5,85,0,0
4124,9,71,0,0
4125,14,62,0,0
4126,15,64,0,0
4127,3,80,0,0
4128,5,51,0,0
4129,12,67,0,0
4130,12,76,0,0
4131,4,67,0,0
4132,9,69,0,0
4133,13,69,0,0
4134,11,66,0,0
4135,11,62,0,0
4137,8,68,0,0
4138,5,85,0,0
4139,9,68,0,0
4140,9,80,0,0
4141,1,60,0,0
4143,13,69,0,0
4144,13,71,0,0
4145,5,68,0,0
4146,14,69,0,0
4147,14,63,0,0
4148,16,56,0,1
4149,7,80,0,0
4150,9,29,0,0
4151,10,62,0,0
4152,7,77,0,0
4153,7,68,0,0
4154,14,85,0,0
4155,14,60,0,1
4156,8,72,0,0
4158,6,75,0,0
4159,10,69,0,0
4160,10,56,0,0
4161,11,72,0,0
4162,11,67,0,0
4163,4,85,0,0
4164,7,85,0,0
4165,16,52,0,0
4166,8,72,0,0
4167,8,73,0,0
4168,9,68,0,0
4169,16,60,0,0
4170,11,68,0,0
4171,8,85,0,0
4172,15,78,0,0
4173,15,78,0,0
4174,16,72,0,0
4175,15,77,0,0
4177,16,53,0,0
4178,14,63,0,0
4179,13,65,0,0
4180,1,80,0,0
4181,1,80,0,0
4182,2,78,0,0
4183,2,85,0,0
4184,12,69,0,0
4185,4,75,0,0
4186,4,77,0,0
4187,12,71,0,0
4188,4,80,0,0
4189,14,60,1,1
4190,14,61,0,0
4191,7,77,0,0
4192,7,76,0,0
4193,6,72,0,0
4194,10,66,0,0
4195,8,70,0,0
4196,8,85,0,0
4197,5,85,0,0
4198,14,57,0,0
4199,12,55,0,0
4200,16,67,0,0
4201,5,80,0,0
4202,6,85,0,0
4203,12,85,0,0
4204,12,72,0,0
4205,12,74,0,0
4206,9,69,0,0
4207,14,85,0,0
4208,14,85,0,0
4209,1,76,0,0
4210,13,80,0,0
4211,7,44,0,0
4212,7,44,0,0
4213,13,85,0,0
4214,13,85,0,0
4215,4,79,0,0
4216,11,56,0,0
4217,11,62,0,0
4218,10,79,0,0
4219,10,79,0,0
4220,2,74,0,0
4221,7,63,0,0
4222,7,64,1,1
4223,5,63,0,0
4224,15,57,0,0
4225,6,85,0,0
4226,2,74,0,0
4227,2,80,0,0
4228,10,65,0,0
4229,9,67,0,0
4230,9,69,0,0
4231,12,80,0,0
4232,12,80,0,0
4233,15,59,0,1
4234,8,62,0,0
4235,12,76,0,0
4236,12,78,0,0
4237,15,80,0,0
4238,15,74,0,0
4239,14,59,0,0
4240,14,58,0,1
4241,14,75,0,0
4242,14,85,0,0
4243,12,56,0,0
4244,7,80,0,0
4245,11,72,0,0
4246,14,62,0,1
4247,11,68,0,0
4248,8,54,0,0
4249,8,57,0,0
4250,15,85,0,0
4251,16,76,0,0
4252,16,79,0,0
4254,16,64,0,0
4255,15,78,0,0
4256,10,64,0,0
4257,8,80,0,0
4258,9,67,0,0
4259,10,68,0,0
4261,11,80,0,0
4262,8,79,0,0
4263,8,66,0,0
4264,6,85,0,0
4265,5,70,0,0
4266,7,79,0,0
4267,7,72,0,0
4268,3,65,0,0
4269,12,72,0,0
4270,5,70,0,0
4271,11,74,0,0
4272,10,65,0,0
4273,10,66,0,0
4274,8,78,0,0
4275,8,72,0,0
4276,14,56,0,1
4277,13,69,0,0
4278,16,85,0,0
4279,14,70,0,0
4280,14,68,0,0
4281,4,60,0,0
4283,14,60,0,0
4284,9,71,0,0
4285,14,54,0,0
4286,9,61,0,0
4287,11,56,0,0
4288,8,76,0,0
4289,4,85,0,0
4290,15,65,0,0
4291,9,58,0,0
4292,8,67,0,0
4293,8,67,0,0
4294,6,85,0,0
4295,8,59,0,0
4296,12,60,0,0
4298,7,76,0,0
4299,7,78,0,0
4301,11,61,0,0
4302,7,64,0,0
4303,13,80,0,0
4304,14,52,0,0
4305,16,69,0,0
4308,12,70,0,0
4310,12,80,0,0
4311,7,59,0,0
4312,14,74,0,0
4313,14,70,0,0
4314,14,58,0,0
4315,10,69,0,0
4317,11,64,0,0
4318,1,66,0,1
4319,15,62,0,1
4320,15,62,0,1
4321,15,52,0,0
4322,14,60,0,0
4324,14,64,0,0
4325,15,69,0,0
4327,6,75,0,0
4328,10,61,0,0
4329,12,73,0,0
4330,12,71,0,0
4331,16,52,0,0
4332,11,30,0,0
4333,11,33,0,0
4334,16,80,0,0
4335,3,85,0,0
4336,4,80,0,0
4337,15,65,0,0
4338,15,68,0,0
4339,15,67,0,0
4340,15,65,0,0
4341,8,80,0,0
4342,7,85,0,0
4343,14,64,0,0
4344,15,69,0,0
4345,9,71,0,0
4346,9,66,0,0
4347,11,55,1,0
4348,7,77,0,0
4349,6,59,0,0
4350,15,69,0,0
4351,15,69,0,1
4352,7,78,0,0
4353,16,70,0,0
4354,16,64,0,0
4355,6,62,0,0
4356,7,67,0,0
4357,7,70,0,0
4358,6,80,0,0
4359,14,73,0,0
4360,14,78,0,0
4361,4,62,0,0
4362,13,80,0,0
4363,13,80,0,0
4364,6,79,0,0
4365,6,75,0,0
4366,6,78,0,0
4367,7,85,0,0
4368,11,52,0,0
4369,15,56,0,0
4370,10,68,0,0
4371,12,57,0,0
4372,8,71,0,0
4373,4,72,0,0
4374,8,72,0,0
4375,8,64,0,0
4376,7,68,0,0
4377,11,66,0,0
4378,11,65,0,0
4379,13,78,0,0
4380,13,56,0,0
4381,13,52,0,0
4382,11,80,0,0
4383,8,70,0,0
4384,8,70,0,0
4385,15,51,0,1
4386,12,79,0,0
4387,12,75,0,0
4388,12,79,0,0
4389,16,56,0,0
4390,3,55,0,0
4391,15,69,0,0
4392,14,56,0,0
4393,16,59,0,0
4394,16,79,0,0
4395,7,78,0,0
4396,7,66,0,0
4397,13,79,0,0
4398,14,71,0,0
4399,14,76,0,0
4400,8,66,0,0
4401,12,75,0,0
4402,12,69,0,0
4403,10,75,0,0
4404,10,78,0,0
4405,8,80,0,0
4406,8,69,0,0
4407,8,65,0,0
4408,14,64,0,0
4409,14,85,0,0
4410,14,80,0,0
4411,13,77,0,0
4412,13,74,0,0
4413,11,79,0,0
4414,10,68,0,0
4415,10,60,0,0
4416,11,80,0,0
4417,14,70,0,0
4418,16,61,0,0
4419,16,62,0,0
4420,5,80,0,0
4421,5,80,0,0
4422,13,80,0,0
4423,13,64,0,0
4424,2,51,0,0
4425,10,77,0,0
4426,11,64,0,0
4427,11,60,0,0
4428,8,72,0,0
4429,16,66,0,1
4430,13,64,0,0
4431,11,64,0,0
4432,13,80,0,0
4433,13,40,0,0
4434,10,67,0,0
4435,16,77,0,0
4436,16,74,0,0
4437,7,85,0,0
4438,10,70,0,0
4439,10,62,0,0
4440,3,53,0,0
4441,3,54,0,0
4442,15,80,0,0
4443,6,63,0,0
4444,3,62,0,0
4445,4,74,0,0
4446,10,74,0,0
4447,3,75,0,0
4448,3,69,0,0
4449,12,69,0,0
4450,12,80,0,0
4452,13,68,0,0
4453,4,80,0,0
4454,9,85,0,0
4455,9,85,0,0
4456,7,80,0,0
4457,7,72,0,0
4458,11,62,0,0
4459,13,62,0,0
4460,13,80,0,0
4461,12,66,0,0
4462,12,66,0,0
4463,11,80,0,0
4464,6,57,0,0
4465,15,58,0,0
